Id,Response
1,2
3,5
4,6
9,8
12,7
13,8
21,5
28,8
30,4
36,8
38,8
43,7
45,2
48,8
50,7
51,7
54,6
55,7
59,8
62,4
63,8
66,8
69,8
82,8
83,7
84,6
86,7
89,8
90,2
92,3
98,6
100,1
105,4
115,8
119,2
124,1
127,8
133,7
140,7
141,8
143,3
151,2
154,8
157,8
163,3
166,1
168,8
170,5
173,7
180,5
182,8
184,3
185,8
195,8
196,8
197,4
212,7
213,7
219,8
225,4
227,4
232,4
239,6
247,7
251,5
254,5
261,7
264,7
267,8
272,7
275,8
277,4
283,6
284,1
287,7
291,8
293,7
294,5
305,7
307,2
309,8
311,4
322,2
323,2
326,5
330,1
335,8
337,7
338,6
341,1
346,7
348,5
352,2
356,8
358,4
366,7
369,5
373,5
375,2
381,7
384,8
386,6
396,8
397,1
399,6
405,8
412,8
417,4
421,4
425,8
427,8
430,3
432,5
433,8
436,8
438,8
441,8
442,5
444,6
446,7
448,6
450,5
454,8
465,8
470,8
472,3
475,8
484,8
495,8
497,8
498,8
501,3
502,4
505,7
515,1
516,7
527,8
529,3
531,7
533,6
537,2
541,8
546,8
548,3
549,8
550,8
553,8
559,7
561,2
564,1
574,5
578,7
579,4
580,8
582,5
584,8
588,7
596,4
602,5
603,2
613,8
614,1
619,8
620,7
624,4
625,8
628,6
630,5
635,8
636,5
637,8
641,8
644,8
648,8
654,7
658,4
664,8
666,7
667,8
670,8
672,6
674,8
676,8
684,8
685,5
693,3
694,7
700,2
702,6
703,5
705,5
711,8
718,2
722,8
726,4
727,3
732,8
735,8
740,4
748,6
750,7
751,8
756,7
762,6
766,8
770,7
771,1
779,7
782,4
784,8
793,2
798,5
800,6
801,7
805,5
807,7
813,7
819,7
820,7
822,8
823,7
833,8
834,1
842,2
845,6
856,3
860,4
864,5
869,8
872,8
877,2
878,7
893,7
894,7
896,5
899,2
900,5
911,1
914,8
917,1
919,7
923,1
925,7
926,4
934,6
938,8
940,4
955,5
956,6
971,7
973,8
978,8
979,8
981,8
988,7
990,8
992,4
996,8
997,5
999,5
1000,8
1006,7
1009,2
1018,6
1025,5
1038,8
1042,3
1045,5
1046,8
1047,6
1050,6
1052,7
1054,8
1057,8
1061,2
1069,4
1071,6
1073,5
1074,8
1075,4
1083,7
1084,3
1089,3
1099,5
1103,3
1110,8
1123,8
1130,8
1135,5
1137,8
1145,8
1147,5
1152,8
1153,5
1154,8
1158,8
1166,6
1170,8
1172,7
1178,5
1179,8
1181,1
1182,8
1183,8
1191,7
1192,2
1200,2
1205,6
1207,5
1208,2
1209,3
1217,4
1223,8
1225,8
1226,1
1228,3
1230,6
1232,7
1235,8
1237,7
1257,7
1266,1
1267,5
1274,8
1277,8
1278,3
1280,8
1282,8
1293,7
1294,2
1305,8
1306,7
1311,7
1318,6
1320,7
1323,7
1325,6
1328,6
1336,4
1340,7
1341,8
1344,8
1345,5
1348,1
1358,2
1361,8
1364,5
1373,8
1377,5
1378,8
1380,7
1382,7
1383,5
1386,8
1387,1
1390,4
1395,8
1398,3
1402,2
1403,8
1405,8
1407,8
1410,1
1412,1
1419,7
1426,8
1428,8
1436,7
1437,4
1438,3
1441,8
1444,4
1448,4
1454,5
1457,6
1459,8
1463,7
1467,1
1471,6
1475,7
1476,7
1480,7
1481,1
1482,3
1489,3
1491,8
1494,8
1496,8
1500,8
1501,8
1503,7
1504,5
1505,3
1515,2
1517,8
1520,2
1521,2
1523,8
1526,8
1529,4
1530,4
1543,4
1544,8
1547,7
1550,8
1552,7
1554,6
1563,6
1574,1
1575,1
1576,7
1579,3
1582,6
1584,8
1585,8
1589,5
1596,7
1598,2
1611,6
1613,4
1615,7
1618,4
1627,6
1630,2
1638,5
1639,7
1640,8
1642,3
1645,5
1648,6
1654,4
1661,8
1662,8
1663,8
1666,7
1668,2
1670,2
1672,7
1681,6
1682,7
1683,1
1687,8
1688,8
1693,7
1694,7
1700,8
1704,7
1712,8
1716,8
1717,5
1722,5
1724,5
1738,1
1739,3
1740,8
1761,8
1763,8
1765,8
1766,7
1767,8
1771,4
1772,6
1777,8
1784,1
1799,1
1806,7
1810,1
1812,4
1814,2
1818,8
1819,8
1822,6
1823,8
1824,4
1834,5
1835,7
1844,5
1848,5
1849,8
1850,4
1851,3
1856,4
1862,1
1863,6
1872,4
1874,2
1875,8
1877,8
1900,7
1902,7
1904,6
1905,3
1908,8
1914,8
1916,1
1922,4
1933,7
1934,6
1939,7
1942,7
1947,8
1957,5
1971,8
1973,2
1974,6
1977,8
1981,6
1985,8
1987,7
1989,5
2001,3
2002,2
2007,1
2008,8
2011,4
2021,6
2034,8
2040,8
2044,8
2045,8
2048,8
2051,7
2062,7
2066,1
2068,5
2069,4
2074,8
2075,8
2078,8
2079,1
2080,3
2081,5
2084,1
2085,8
2087,7
2096,6
2102,8
2103,5
2107,8
2117,5
2118,4
2120,6
2121,4
2122,4
2130,7
2136,4
2138,8
2140,7
2143,8
2144,5
2145,7
2147,8
2150,2
2154,8
2155,3
2166,3
2169,2
2173,5
2176,1
2178,7
2179,2
2180,8
2184,8
2185,8
2188,5
2190,7
2194,7
2195,7
2198,5
2205,8
2206,8
2207,3
2212,6
2213,8
2216,8
2218,1
2224,8
2225,8
2228,8
2236,5
2242,8
2246,3
2250,8
2255,7
2256,1
2267,3
2268,8
2269,5
2272,7
2275,1
2280,8
2282,8
2287,7
2289,8
2293,7
2296,6
2307,7
2309,3
2313,7
2325,7
2327,7
2336,2
2339,7
2342,8
2347,8
2350,2
2360,7
2364,8
2369,1
2379,4
2394,7
2395,4
2399,8
2402,7
2410,8
2416,7
2420,8
2427,6
2434,8
2435,7
2441,8
2447,5
2452,5
2463,4
2467,1
2468,8
2470,5
2476,7
2483,1
2487,3
2492,8
2502,8
2504,4
2510,8
2511,1
2512,8
2517,8
2520,8
2521,8
2523,7
2524,8
2525,7
2526,2
2528,8
2530,2
2532,1
2536,4
2540,8
2541,4
2543,5
2549,8
2550,1
2556,7
2557,8
2559,4
2565,8
2566,8
2567,1
2568,3
2570,8
2573,8
2577,3
2578,7
2583,3
2586,5
2587,4
2588,8
2591,8
2597,8
2606,7
2607,8
2608,7
2611,2
2612,7
2613,7
2616,8
2621,8
2622,7
2634,8
2639,8
2642,3
2644,6
2650,2
2655,8
2664,8
2667,8
2670,4
2679,1
2681,5
2683,7
2685,8
2687,8
2696,5
2699,7
2712,1
2716,7
2720,8
2725,8
2726,8
2731,6
2733,8
2740,8
2742,3
2748,3
2749,8
2763,8
2771,8
2772,6
2773,8
2783,8
2784,7
2789,1
2796,4
2798,4
2799,8
2800,7
2802,7
2805,2
2809,7
2816,7
2817,6
2821,7
2822,8
2829,7
2832,3
2842,6
2844,8
2846,7
2851,6
2852,6
2853,8
2856,6
2862,2
2866,5
2868,4
2886,8
2892,5
2893,2
2898,7
2917,3
2923,1
2927,7
2930,8
2931,1
2935,7
2936,3
2961,2
2964,8
2967,7
2968,5
2970,7
2977,4
2978,7
2979,8
2985,2
2986,1
2989,6
2997,3
2999,8
3004,7
3008,8
3010,4
3020,8
3022,8
3024,7
3027,7
3032,8
3033,8
3048,4
3053,7
3056,8
3070,8
3071,1
3073,8
3080,7
3098,8
3099,5
3109,8
3110,7
3115,1
3121,8
3128,7
3132,2
3133,1
3141,8
3144,5
3145,4
3154,7
3159,7
3164,3
3168,2
3172,2
3176,6
3186,3
3193,7
3196,7
3199,7
3200,7
3209,8
3210,8
3214,5
3229,4
3230,7
3233,8
3242,3
3244,2
3249,6
3251,2
3253,1
3264,5
3271,2
3272,8
3274,7
3276,2
3280,4
3282,7
3285,6
3297,7
3298,7
3307,4
3309,8
3310,8
3312,3
3314,8
3315,3
3316,5
3319,6
3322,8
3327,8
3332,5
3334,8
3336,1
3338,6
3340,6
3343,2
3352,8
3353,7
3356,8
3357,8
3360,8
3365,8
3366,8
3367,8
3369,8
3374,1
3376,7
3381,8
3385,5
3386,8
3397,7
3403,6
3409,3
3414,7
3415,8
3423,8
3427,6
3428,8
3439,2
3441,7
3442,4
3447,7
3453,6
3456,4
3458,2
3459,2
3462,8
3464,8
3477,8
3480,5
3483,8
3490,7
3497,7
3498,8
3500,5
3504,5
3509,1
3510,7
3511,8
3525,6
3528,6
3529,1
3531,4
3532,8
3536,7
3537,5
3538,6
3547,8
3557,7
3572,8
3573,7
3588,7
3590,6
3597,6
3601,3
3602,8
3608,8
3611,6
3616,7
3619,5
3623,7
3638,5
3641,1
3643,8
3647,2
3648,7
3662,4
3663,8
3665,5
3679,7
3683,7
3692,6
3700,8
3705,4
3706,8
3711,8
3712,4
3716,2
3725,2
3727,7
3739,7
3740,6
3743,5
3744,2
3750,8
3751,5
3752,1
3753,5
3754,1
3761,8
3762,7
3764,3
3773,7
3774,5
3775,8
3776,8
3785,7
3788,8
3791,6
3792,8
3794,5
3797,7
3798,8
3807,2
3808,8
3810,4
3813,8
3815,8
3818,6
3820,2
3824,7
3832,8
3836,8
3837,4
3849,8
3853,3
3861,3
3862,5
3863,4
3867,2
3868,7
3871,8
3873,6
3874,8
3879,7
3881,6
3883,8
3887,7
3888,6
3889,2
3898,1
3901,7
3904,2
3905,5
3907,6
3911,2
3915,7
3917,5
3923,8
3925,1
3931,7
3934,8
3943,7
3946,6
3947,5
3949,7
3958,2
3959,5
3960,6
3969,7
3971,8
3973,8
3976,8
3979,8
3982,8
3992,8
3993,3
3995,8
3997,2
4002,8
4003,8
4006,8
4010,8
4011,6
4012,8
4019,7
4020,1
4026,4
4030,1
4033,7
4034,8
4038,4
4045,8
4046,8
4047,1
4048,8
4055,8
4061,8
4063,1
4066,7
4069,8
4076,7
4081,7
4086,5
4087,8
4094,8
4096,2
4105,6
4107,7
4110,5
4115,7
4128,1
4131,8
4136,1
4140,5
4141,6
4142,8
4146,7
4156,5
4159,8
4171,6
4174,1
4175,4
4180,8
4187,7
4191,3
4193,8
4197,8
4201,4
4203,2
4205,5
4206,2
4209,7
4213,8
4215,6
4220,8
4223,8
4225,5
4234,1
4241,5
4244,7
4247,4
4254,2
4255,2
4262,4
4263,8
4266,2
4269,8
4270,1
4271,3
4274,8
4279,7
4286,1
4287,6
4288,7
4290,1
4294,8
4296,5
4299,6
4302,8
4316,8
4320,6
4321,1
4324,5
4325,1
4326,8
4332,7
4334,8
4343,8
4348,5
4350,8
4353,7
4356,8
4361,8
4367,3
4369,8
4371,6
4373,6
4374,2
4376,8
4393,1
4394,7
4397,2
4398,8
4404,6
4410,5
4411,5
4412,6
4414,2
4415,8
4418,1
4420,7
4426,7
4427,8
4430,2
4431,2
4435,8
4437,6
4438,8
4458,2
4461,7
4462,5
4464,4
4482,8
4484,7
4489,2
4494,8
4496,7
4503,6
4508,3
4515,3
4516,8
4517,8
4518,7
4524,2
4525,2
4527,8
4529,8
4535,5
4538,1
4544,6
4545,5
4550,5
4551,7
4554,7
4563,6
4565,8
4573,6
4576,7
4578,6
4587,8
4590,3
4597,3
4600,8
4608,8
4612,3
4615,8
4616,8
4618,7
4620,3
4622,4
4624,8
4628,7
4631,8
4633,8
4646,4
4648,1
4655,8
4669,8
4673,7
4677,7
4680,8
4683,4
4691,1
4694,8
4697,8
4698,2
4704,5
4711,5
4713,5
4716,4
4724,5
4727,8
4730,5
4731,7
4732,7
4741,1
4742,8
4743,8
4753,7
4758,8
4762,1
4765,3
4782,1
4787,8
4788,8
4789,1
4790,8
4792,8
4797,6
4805,4
4806,8
4809,7
4814,8
4823,6
4825,1
4830,6
4832,3
4833,1
4840,1
4841,7
4844,8
4845,8
4849,7
4858,7
4870,7
4875,8
4877,8
4882,4
4891,6
4900,4
4905,7
4907,5
4908,8
4923,7
4924,7
4925,8
4927,4
4933,8
4935,8
4941,1
4944,8
4946,4
4953,7
4956,2
4968,2
4985,1
4989,7
4995,2
5005,6
5010,1
5016,8
5018,8
5029,3
5031,3
5037,1
5039,8
5041,5
5043,7
5052,8
5055,5
5059,4
5063,8
5067,8
5070,7
5072,4
5073,4
5079,8
5086,6
5093,5
5094,1
5098,8
5101,7
5108,1
5112,7
5113,8
5119,8
5120,3
5121,7
5126,8
5127,8
5128,8
5131,3
5137,2
5146,7
5148,7
5150,6
5159,8
5160,6
5163,2
5170,7
5177,7
5179,7
5185,8
5188,7
5190,5
5191,3
5192,6
5195,1
5198,7
5208,4
5214,7
5215,8
5219,2
5220,8
5223,2
5224,2
5225,8
5227,3
5229,8
5231,1
5236,8
5237,6
5238,6
5240,4
5248,8
5252,8
5256,6
5269,8
5270,4
5272,5
5275,8
5276,5
5279,8
5280,4
5281,8
5291,4
5292,7
5294,2
5296,8
5302,7
5307,8
5312,8
5313,7
5314,8
5315,7
5316,8
5317,4
5318,7
5321,5
5322,7
5323,5
5324,8
5334,6
5343,2
5344,6
5345,7
5355,1
5364,7
5369,8
5371,8
5380,7
5385,1
5392,5
5395,8
5396,8
5398,8
5400,8
5402,8
5411,8
5412,3
5414,8
5417,6
5424,8
5427,8
5428,4
5430,4
5432,5
5438,1
5448,7
5459,2
5460,7
5461,6
5463,2
5477,2
5479,5
5481,8
5482,7
5491,2
5493,7
5506,7
5507,1
5517,7
5532,8
5533,7
5534,8
5541,8
5542,3
5548,1
5551,2
5553,4
5554,8
5565,6
5574,8
5575,8
5576,2
5583,4
5584,3
5586,1
5587,2
5588,8
5596,7
5597,8
5601,8
5603,8
5613,4
5614,8
5618,7
5619,8
5621,8
5622,8
5627,8
5628,1
5630,8
5633,1
5639,2
5643,6
5649,4
5653,7
5655,6
5664,1
5667,4
5670,8
5674,1
5678,4
5680,4
5687,5
5692,7
5694,7
5697,8
5701,2
5704,8
5710,7
5711,5
5716,2
5724,8
5725,1
5726,5
5727,8
5731,7
5749,2
5751,8
5755,6
5756,7
5761,7
5767,4
5768,4
5770,4
5772,2
5773,7
5775,8
5776,5
5784,1
5792,1
5793,7
5794,8
5797,7
5799,7
5800,8
5805,5
5809,8
5813,1
5817,8
5824,7
5829,3
5832,1
5835,2
5837,3
5847,7
5854,7
5857,2
5860,8
5872,2
5874,7
5876,2
5880,8
5882,8
5891,4
5892,4
5906,8
5922,8
5923,5
5927,6
5929,3
5941,5
5942,2
5945,8
5947,8
5950,8
5951,8
5952,6
5960,8
5965,8
5967,8
5974,7
5977,1
5984,1
5987,8
5991,4
5996,1
5997,8
6002,1
6005,5
6008,8
6009,2
6014,7
6027,7
6030,2
6033,8
6034,2
6035,8
6043,8
6046,6
6047,7
6048,8
6070,2
6071,5
6085,1
6090,7
6091,7
6092,7
6098,7
6106,8
6108,8
6111,1
6115,8
6117,1
6121,3
6124,7
6126,7
6129,6
6131,7
6141,7
6142,4
6143,4
6144,3
6147,6
6148,2
6155,7
6158,2
6159,1
6162,2
6166,8
6172,2
6177,2
6178,8
6181,5
6182,8
6185,7
6191,8
6195,7
6204,6
6205,7
6211,8
6212,7
6219,8
6220,2
6223,3
6226,8
6239,5
6243,8
6249,1
6252,8
6255,4
6260,1
6261,8
6263,3
6264,2
6270,1
6271,8
6272,4
6274,7
6277,2
6280,7
6284,4
6286,2
6288,7
6290,8
6293,6
6299,6
6301,8
6304,4
6306,1
6308,8
6309,8
6312,8
6321,5
6322,5
6331,4
6335,7
6340,7
6343,8
6344,3
6347,4
6348,4
6349,8
6350,5
6354,8
6355,5
6362,4
6367,7
6372,7
6375,8
6379,1
6384,2
6386,8
6390,7
6396,4
6401,2
6403,5
6408,5
6410,4
6420,7
6430,8
6436,8
6440,8
6442,8
6443,8
6444,2
6459,7
6466,7
6469,7
6474,8
6475,1
6476,1
6490,1
6491,3
6496,1
6497,7
6498,6
6499,7
6501,5
6514,1
6515,7
6524,5
6526,2
6532,8
6537,5
6538,7
6541,2
6546,5
6551,1
6554,4
6557,2
6560,7
6565,6
6566,7
6578,4
6582,8
6587,7
6593,6
6596,8
6611,8
6615,5
6620,8
6626,7
6627,7
6628,5
6635,8
6639,5
6641,5
6645,2
6660,8
6663,7
6669,7
6674,2
6682,8
6685,2
6687,8
6692,5
6695,8
6696,2
6699,7
6700,7
6701,8
6705,2
6707,6
6709,8
6711,8
6714,1
6722,7
6723,8
6724,7
6726,5
6733,3
6734,8
6735,8
6736,4
6738,4
6741,8
6746,8
6754,7
6758,1
6763,2
6764,2
6768,8
6778,1
6784,8
6785,7
6787,5
6806,7
6825,4
6830,2
6831,8
6832,6
6833,3
6835,1
6842,8
6843,2
6853,8
6859,5
6860,2
6862,8
6867,3
6868,7
6885,8
6888,1
6889,7
6897,2
6898,1
6900,7
6902,4
6903,4
6907,4
6909,1
6911,1
6925,8
6930,5
6931,1
6933,4
6937,7
6941,1
6948,7
6950,8
6956,8
6957,8
6960,7
6962,5
6969,3
6971,1
6973,1
6980,7
6983,3
6985,5
6999,8
7005,8
7006,8
7007,4
7012,2
7013,7
7016,4
7017,8
7020,4
7024,5
7026,1
7027,2
7029,7
7032,2
7034,8
7044,7
7054,1
7057,7
7058,3
7060,7
7065,5
7069,5
7071,7
7076,4
7077,6
7081,1
7082,3
7093,8
7095,1
7098,3
7099,1
7105,1
7106,4
7122,7
7129,8
7130,7
7135,4
7136,1
7137,5
7138,8
7141,6
7143,7
7159,8
7162,8
7165,5
7169,2
7171,2
7172,7
7175,8
7178,4
7182,7
7190,8
7194,2
7196,7
7205,8
7207,7
7210,8
7211,4
7216,8
7219,2
7222,8
7224,8
7234,5
7237,4
7242,4
7246,7
7247,1
7251,3
7252,4
7257,3
7276,6
7281,7
7286,8
7287,5
7295,6
7297,7
7300,7
7307,8
7308,1
7310,5
7315,1
7317,7
7318,6
7322,6
7325,7
7326,8
7332,5
7342,8
7345,8
7347,8
7349,7
7352,5
7353,1
7354,8
7370,8
7392,7
7394,8
7396,8
7397,6
7400,7
7402,5
7406,7
7409,8
7410,8
7412,5
7414,2
7419,8
7420,6
7421,8
7424,7
7428,2
7431,8
7435,8
7437,8
7445,5
7449,7
7456,8
7458,8
7459,4
7463,2
7464,7
7465,8
7467,8
7471,2
7472,6
7485,4
7494,1
7505,8
7511,8
7512,7
7513,2
7514,2
7515,8
7523,1
7530,7
7531,8
7536,8
7538,8
7542,1
7543,7
7549,6
7557,7
7559,8
7560,8
7563,5
7564,8
7567,8
7572,8
7575,1
7588,5
7595,5
7596,4
7602,3
7609,5
7612,8
7613,7
7621,5
7622,5
7624,5
7625,7
7629,6
7632,8
7634,5
7636,8
7637,1
7638,5
7640,3
7643,8
7648,4
7653,4
7654,8
7662,5
7671,8
7674,7
7682,3
7683,8
7686,7
7690,2
7692,7
7694,2
7695,3
7700,6
7714,2
7715,8
7721,8
7728,8
7737,5
7739,5
7745,2
7747,6
7761,8
7762,8
7763,8
7770,4
7771,6
7774,8
7776,2
7779,4
7793,7
7795,8
7796,8
7800,8
7803,8
7808,7
7811,8
7812,5
7813,4
7814,7
7818,1
7826,7
7827,8
7831,7
7834,7
7837,2
7841,8
7842,8
7843,3
7844,7
7851,8
7854,8
7856,7
7859,8
7866,5
7869,8
7870,7
7872,2
7886,5
7892,7
7893,7
7908,8
7910,8
7914,8
7919,7
7922,2
7930,2
7932,2
7947,1
7949,6
7950,7
7952,5
7953,4
7955,7
7960,7
7961,5
7962,7
7963,8
7967,1
7968,8
7975,4
7977,5
7980,7
7985,7
7987,7
7994,2
7995,8
7999,8
8005,8
8007,7
8009,8
8014,8
8017,6
8018,7
8024,7
8025,2
8026,5
8029,2
8031,8
8035,3
8049,7
8058,2
8060,8
8061,3
8070,4
8071,8
8072,5
8073,7
8075,5
8076,4
8081,7
8082,6
8090,7
8094,6
8097,5
8107,5
8112,7
8115,4
8120,3
8123,3
8128,4
8129,8
8133,5
8138,8
8142,3
8143,7
8145,3
8146,7
8147,6
8151,4
8153,8
8163,2
8167,8
8168,4
8169,7
8172,3
8178,1
8184,5
8185,7
8186,3
8187,8
8191,3
8196,7
8205,5
8206,8
8216,1
8218,6
8219,8
8227,8
8228,8
8230,8
8231,3
8234,8
8241,7
8242,7
8245,8
8246,7
8251,7
8254,4
8262,1
8269,8
8277,8
8286,5
8287,2
8288,5
8289,5
8292,4
8293,2
8294,2
8296,7
8306,3
8307,1
8314,8
8317,1
8320,8
8326,1
8329,3
8330,7
8331,4
8343,5
8350,6
8352,1
8354,5
8355,4
8356,5
8357,1
8364,7
8370,1
8381,2
8382,6
8383,8
8386,2
8389,8
8390,2
8393,8
8399,8
8400,2
8403,6
8404,2
8405,8
8409,6
8413,8
8417,6
8418,4
8423,4
8427,6
8431,7
8432,8
8434,8
8437,8
8447,5
8449,8
8457,5
8459,5
8461,2
8466,5
8467,8
8469,8
8479,3
8481,8
8493,8
8496,8
8501,8
8502,8
8508,7
8509,8
8514,8
8518,6
8519,7
8527,8
8530,7
8537,4
8539,7
8542,7
8547,8
8550,7
8554,5
8556,5
8560,8
8566,7
8569,8
8571,8
8572,7
8575,6
8580,6
8584,2
8585,8
8587,2
8593,7
8595,6
8597,4
8598,8
8599,8
8601,8
8607,1
8612,7
8621,7
8625,4
8630,8
8631,7
8633,7
8644,6
8650,1
8652,8
8656,8
8657,8
8659,7
8660,8
8665,6
8667,1
8668,4
8670,7
8682,8
8690,7
8692,8
8698,5
8702,5
8710,6
8713,8
8714,7
8715,5
8718,7
8719,2
8722,8
8737,6
8738,8
8739,8
8740,5
8745,5
8750,8
8754,1
8757,8
8762,5
8769,8
8773,8
8782,8
8790,6
8804,1
8815,6
8818,5
8819,8
8828,2
8831,7
8838,8
8841,3
8847,4
8849,1
8857,1
8860,1
8861,7
8875,7
8884,7
8889,8
8891,8
8893,7
8894,6
8897,8
8909,1
8928,8
8932,5
8933,3
8934,8
8938,8
8943,7
8946,7
8951,1
8953,3
8959,1
8960,2
8963,4
8968,8
8972,7
8973,2
8977,1
8978,5
8980,8
8984,1
8987,8
8989,8
8995,8
8996,8
9001,2
9003,2
9005,5
9007,2
9009,7
9012,3
9015,8
9024,3
9031,7
9032,6
9035,6
9053,8
9060,6
9067,5
9068,8
9077,7
9080,8
9084,8
9087,5
9090,2
9095,7
9098,5
9101,7
9108,4
9112,4
9113,8
9117,5
9123,8
9124,7
9127,7
9130,2
9132,6
9136,7
9138,8
9142,8
9143,6
9145,8
9146,4
9148,8
9151,1
9154,8
9158,6
9163,7
9169,4
9171,8
9176,5
9181,7
9185,7
9187,8
9188,8
9190,8
9204,8
9205,5
9207,5
9213,8
9220,2
9221,5
9224,5
9225,8
9227,8
9232,7
9234,7
9237,7
9238,8
9240,1
9248,8
9253,8
9254,8
9257,4
9264,2
9267,4
9269,7
9271,6
9272,7
9276,8
9278,4
9280,7
9281,8
9286,1
9288,6
9290,8
9291,8
9293,7
9294,8
9295,8
9298,8
9303,1
9304,8
9307,8
9309,8
9314,1
9315,5
9317,7
9318,8
9319,2
9320,3
9326,7
9331,1
9339,7
9342,5
9349,2
9353,1
9359,7
9362,1
9366,8
9376,2
9384,6
9386,7
9390,5
9396,7
9399,7
9402,5
9415,4
9420,7
9421,8
9422,7
9425,5
9428,8
9440,8
9441,5
9443,6
9451,8
9456,2
9457,1
9459,7
9465,4
9475,8
9483,1
9485,8
9488,8
9492,2
9494,1
9495,4
9498,3
9502,5
9506,4
9509,7
9512,7
9516,8
9520,8
9524,6
9531,1
9532,8
9538,7
9547,5
9549,2
9550,4
9552,8
9555,8
9563,8
9565,8
9574,7
9586,2
9587,8
9593,7
9594,6
9597,8
9600,2
9603,8
9607,8
9608,4
9609,1
9610,8
9612,8
9613,7
9618,1
9619,5
9621,4
9625,3
9638,8
9644,8
9650,2
9652,4
9654,8
9660,8
9665,8
9666,4
9668,5
9672,8
9674,8
9677,1
9683,5
9689,8
9690,7
9691,2
9701,8
9709,7
9712,8
9713,5
9714,6
9717,8
9720,7
9726,7
9729,5
9730,5
9741,8
9747,6
9763,8
9765,6
9771,8
9774,8
9777,5
9779,7
9783,4
9784,8
9791,8
9802,6
9810,3
9818,6
9820,8
9822,7
9825,3
9829,8
9832,8
9839,8
9846,8
9847,5
9852,4
9854,7
9855,1
9857,3
9860,5
9863,4
9866,2
9867,8
9869,8
9875,7
9879,1
9880,8
9885,3
9889,8
9890,6
9898,7
9900,3
9901,3
9917,8
9927,2
9928,6
9933,4
9937,5
9939,8
9940,1
9942,2
9945,8
9946,6
9950,8
9953,1
9954,2
9961,4
9975,8
9980,4
9983,8
9988,3
9989,4
9990,3
9991,7
9993,3
10000,6
10007,8
10010,8
10013,2
10019,6
10024,8
10026,4
10034,8
10037,8
10038,1
10045,6
10046,8
10056,7
10060,8
10062,8
10067,4
10070,1
10073,5
10074,8
10082,5
10086,8
10092,8
10096,8
10110,7
10111,6
10113,7
10115,5
10116,8
10117,6
10132,8
10135,4
10136,8
10144,6
10147,8
10154,7
10162,7
10164,4
10166,5
10167,7
10179,8
10184,8
10192,1
10203,4
10206,2
10215,4
10217,6
10222,6
10227,6
10231,8
10232,5
10236,4
10238,3
10248,5
10252,2
10262,8
10273,6
10288,7
10289,4
10290,6
10291,6
10292,7
10296,1
10302,7
10304,4
10311,7
10312,3
10313,2
10316,2
10318,8
10319,1
10320,5
10324,2
10325,8
10329,1
10330,8
10332,2
10333,6
10344,7
10348,7
10349,4
10352,1
10353,4
10354,8
10356,8
10357,7
10360,7
10362,8
10367,6
10369,8
10370,8
10372,1
10376,6
10377,8
10379,8
10384,7
10388,3
10391,8
10395,8
10403,7
10405,7
10407,7
10411,3
10417,8
10418,7
10420,8
10422,2
10426,2
10447,7
10449,6
10450,2
10453,8
10455,1
10457,4
10458,1
10461,1
10463,2
10467,8
10470,4
10475,5
10482,8
10485,2
10495,4
10501,8
10504,8
10510,8
10513,2
10517,1
10525,2
10530,6
10536,8
10537,8
10540,5
10550,8
10551,3
10552,8
10557,8
10560,2
10562,2
10563,4
10566,1
10568,8
10578,4
10580,1
10587,8
10597,2
10599,8
10606,6
10608,7
10610,4
10614,1
10615,8
10617,5
10625,3
10629,8
10633,2
10636,7
10637,6
10640,8
10649,5
10653,3
10654,8
10656,1
10660,7
10662,7
10667,1
10669,8
10671,5
10672,8
10676,7
10677,8
10680,8
10681,2
10690,8
10702,2
10703,1
10706,8
10708,2
10710,5
10713,8
10718,4
10720,6
10724,1
10726,8
10732,8
10735,4
10739,7
10742,8
10746,2
10747,6
10748,6
10752,7
10754,8
10758,7
10766,7
10768,8
10771,7
10772,8
10781,1
10782,3
10786,7
10788,7
10789,5
10796,1
10798,8
10802,2
10804,7
10812,8
10824,2
10826,6
10833,5
10837,2
10840,1
10841,5
10842,4
10846,5
10848,8
10849,8
10850,8
10853,7
10855,8
10856,7
10858,8
10861,8
10867,2
10883,1
10890,7
10892,8
10893,4
10896,2
10897,1
10901,7
10907,6
10909,8
10910,1
10913,8
10921,8
10926,8
10929,8
10933,1
10936,8
10938,5
10940,4
10941,8
10942,5
10947,7
10949,5
10951,4
10952,2
10955,8
10977,8
10978,5
10979,6
10980,1
10993,1
10995,8
11000,4
11002,8
11008,6
11009,4
11017,7
11023,8
11026,2
11027,2
11036,8
11041,6
11050,8
11075,8
11077,4
11088,4
11090,7
11092,8
11097,2
11101,8
11110,5
11112,1
11113,5
11123,7
11124,1
11126,1
11135,4
11136,1
11139,7
11146,8
11159,8
11166,7
11173,1
11174,1
11177,7
11178,5
11180,8
11188,5
11189,6
11190,2
11192,7
11203,5
11206,2
11209,7
11215,8
11224,8
11225,2
11227,6
11231,3
11242,8
11245,5
11246,4
11249,5
11251,8
11253,8
11255,8
11257,3
11258,7
11265,2
11268,2
11270,8
11272,2
11277,3
11278,7
11282,7
11285,3
11288,8
11293,1
11295,5
11296,1
11301,7
11311,4
11317,4
11320,7
11323,8
11325,3
11331,8
11332,1
11342,2
11345,7
11350,7
11356,1
11357,5
11383,6
11386,8
11387,6
11388,5
11390,1
11392,8
11394,2
11406,8
11410,4
11412,8
11417,5
11418,5
11423,4
11424,2
11430,7
11431,8
11432,7
11433,2
11435,7
11437,6
11439,5
11441,5
11444,7
11447,8
11458,2
11461,8
11464,6
11467,3
11471,8
11476,3
11477,1
11480,5
11485,2
11487,8
11489,8
11500,1
11502,3
11509,8
11518,1
11521,3
11523,7
11526,1
11528,6
11534,6
11542,5
11548,1
11550,3
11551,4
11552,4
11565,1
11566,6
11570,8
11572,8
11584,8
11588,7
11592,5
11598,2
11604,7
11606,1
11607,8
11609,8
11613,1
11615,8
11616,7
11617,4
11619,8
11621,8
11622,7
11623,5
11625,1
11629,8
11634,5
11637,6
11642,6
11657,6
11663,7
11666,3
11671,7
11681,2
11683,3
11694,7
11697,8
11700,8
11703,8
11713,1
11721,4
11725,4
11729,7
11736,8
11739,5
11740,8
11744,3
11750,8
11752,5
11753,7
11754,5
11759,7
11760,8
11767,8
11772,6
11776,1
11780,6
11783,5
11786,8
11790,8
11792,4
11797,5
11799,7
11801,8
11807,5
11813,5
11818,7
11835,2
11842,1
11843,7
11850,8
11861,8
11868,7
11871,4
11877,7
11887,7
11891,7
11897,8
11900,8
11906,7
11911,8
11913,1
11914,8
11915,7
11921,1
11925,1
11926,7
11932,8
11933,8
11936,1
11939,8
11941,4
11946,2
11947,6
11953,1
11958,8
11959,7
11960,7
11961,2
11962,2
11977,8
11978,8
11985,7
11986,5
11992,3
11997,6
12001,7
12006,4
12010,7
12017,8
12019,8
12041,5
12044,8
12050,2
12055,7
12062,8
12064,8
12068,7
12072,8
12073,7
12077,8
12080,1
12082,3
12088,7
12090,2
12092,7
12093,8
12094,8
12099,1
12106,5
12115,7
12124,7
12128,7
12132,4
12139,2
12147,7
12154,6
12162,4
12167,1
12169,8
12170,8
12171,8
12173,5
12178,8
12180,7
12182,2
12185,7
12195,6
12198,8
12204,8
12205,5
12206,3
12207,2
12209,3
12212,5
12215,6
12230,8
12236,4
12241,8
12244,8
12246,4
12261,8
12262,7
12265,2
12267,4
12268,8
12276,1
12279,3
12292,2
12295,2
12297,6
12308,8
12312,7
12317,7
12318,4
12321,8
12326,8
12328,8
12331,1
12336,3
12341,3
12343,2
12345,8
12349,7
12350,1
12353,7
12354,8
12361,6
12366,8
12380,7
12381,8
12386,5
12393,8
12396,5
12397,3
12401,2
12404,4
12410,1
12413,8
12417,7
12423,7
12428,8
12431,5
12433,8
12436,8
12440,7
12441,5
12448,2
12450,7
12452,2
12454,2
12457,8
12458,5
12459,6
12460,2
12472,8
12481,8
12483,8
12485,7
12486,7
12490,6
12499,3
12501,8
12506,8
12507,8
12512,7
12513,4
12515,8
12521,8
12526,7
12538,8
12542,6
12547,7
12548,3
12549,7
12553,4
12554,8
12556,1
12561,7
12562,3
12563,6
12565,3
12568,5
12569,8
12570,7
12577,5
12578,3
12582,5
12583,8
12597,7
12601,7
12606,5
12607,8
12619,2
12622,7
12625,7
12631,8
12635,3
12636,8
12641,1
12643,8
12651,7
12655,6
12660,8
12664,7
12677,8
12681,7
12683,5
12688,8
12689,2
12693,7
12694,8
12696,1
12707,2
12716,5
12720,4
12734,3
12735,6
12738,8
12741,2
12746,3
12753,6
12758,6
12760,8
12768,2
12771,3
12776,4
12780,7
12790,6
12792,2
12793,5
12795,8
12796,8
12797,3
12800,3
12803,8
12807,5
12809,4
12812,6
12816,7
12818,5
12819,1
12823,8
12825,7
12827,8
12829,5
12830,7
12838,8
12839,8
12843,6
12847,4
12848,4
12871,1
12873,4
12874,4
12875,7
12883,8
12890,6
12895,8
12900,7
12901,8
12902,8
12903,8
12904,2
12905,1
12908,4
12911,8
12912,5
12924,7
12930,1
12941,8
12950,8
12951,8
12956,4
12958,7
12967,6
12968,7
12980,8
12982,8
12983,2
12988,4
12996,8
12999,7
13005,5
13008,3
13009,4
13011,8
13012,4
13013,7
13015,7
13016,7
13018,4
13021,8
13024,4
13026,7
13031,6
13032,7
13034,8
13036,8
13039,6
13040,3
13043,4
13044,5
13060,1
13065,4
13075,8
13080,7
13088,2
13095,6
13102,7
13105,2
13107,2
13111,4
13112,1
13120,7
13122,5
13123,8
13124,7
13130,4
13132,5
13140,8
13142,5
13143,6
13144,2
13148,7
13151,6
13154,5
13166,8
13169,1
13175,7
13177,3
13178,8
13179,1
13182,7
13186,8
13188,5
13193,7
13199,1
13206,6
13216,7
13218,8
13228,8
13231,8
13235,5
13246,8
13253,8
13256,7
13259,8
13262,1
13266,2
13269,8
13271,4
13273,8
13274,7
13283,2
13288,8
13296,4
13297,8
13305,7
13312,8
13316,8
13319,8
13320,5
13328,4
13329,8
13335,5
13338,3
13340,8
13344,5
13345,4
13347,3
13350,1
13352,6
13354,4
13362,3
13368,4
13371,7
13374,8
13376,3
13377,2
13381,8
13385,8
13387,7
13395,2
13399,3
13406,7
13407,8
13411,8
13412,8
13422,7
13425,7
13427,5
13431,7
13438,8
13444,7
13445,8
13451,1
13454,1
13459,4
13465,1
13466,3
13472,7
13474,1
13478,8
13480,8
13483,8
13486,7
13499,7
13507,2
13511,7
13521,4
13522,4
13539,4
13541,8
13552,7
13556,5
13557,8
13561,2
13564,5
13573,6
13580,2
13583,1
13584,4
13585,2
13589,8
13590,8
13599,8
13601,7
13604,1
13611,8
13623,2
13629,7
13630,4
13632,8
13633,8
13636,8
13637,8
13644,3
13649,8
13652,7
13657,4
13661,8
13662,7
13664,2
13666,7
13680,7
13681,8
13684,5
13687,2
13689,2
13691,5
13692,6
13697,8
13701,7
13703,4
13709,2
13710,7
13712,8
13720,7
13721,1
13725,6
13728,6
13732,8
13736,5
13740,7
13744,6
13746,4
13750,3
13751,5
13754,8
13756,6
13764,5
13767,8
13776,8
13778,8
13784,8
13788,2
13789,4
13794,4
13798,2
13804,8
13806,1
13807,7
13808,8
13811,8
13831,3
13836,5
13840,8
13841,6
13843,8
13848,6
13851,8
13858,7
13865,1
13869,7
13871,5
13872,7
13873,8
13874,1
13876,3
13884,8
13893,6
13897,8
13907,4
13912,8
13917,3
13932,7
13933,4
13939,7
13942,8
13943,2
13954,5
13956,8
13960,6
13964,4
13965,1
13967,6
13971,2
13972,6
13973,6
13974,8
13976,8
13979,4
13990,7
13994,7
14008,7
14016,8
14023,7
14032,5
14035,7
14038,8
14040,8
14045,1
14052,8
14054,8
14056,5
14076,7
14078,4
14080,8
14085,7
14089,2
14090,8
14091,8
14096,2
14105,8
14108,7
14110,8
14117,1
14118,3
14119,1
14120,8
14122,1
14123,1
14124,4
14125,2
14135,7
14136,6
14138,8
14144,4
14146,1
14151,8
14163,8
14179,8
14181,1
14186,5
14190,4
14197,7
14198,4
14202,6
14203,7
14205,5
14208,5
14211,8
14220,8
14223,8
14227,8
14228,2
14237,4
14238,4
14240,1
14252,8
14254,6
14257,6
14260,6
14264,5
14266,7
14272,8
14273,4
14276,8
14277,2
14278,6
14279,6
14305,7
14313,7
14316,7
14318,3
14322,7
14334,1
14342,5
14346,8
14348,6
14350,7
14357,8
14359,1
14361,8
14363,8
14366,4
14371,7
14372,1
14375,1
14378,8
14380,8
14382,2
14384,7
14385,4
14388,8
14389,6
14391,4
14392,7
14402,6
14412,8
14414,6
14427,1
14428,7
14443,5
14449,2
14453,2
14460,6
14462,2
14465,3
14468,6
14472,8
14474,8
14475,5
14477,8
14479,2
14482,6
14489,8
14497,7
14500,8
14508,8
14509,8
14522,8
14525,5
14538,7
14539,2
14541,5
14543,1
14544,5
14549,2
14550,1
14552,7
14556,7
14563,7
14564,8
14566,3
14572,2
14574,7
14575,7
14579,2
14582,7
14585,5
14591,3
14592,8
14595,8
14604,2
14607,7
14612,8
14616,1
14618,3
14632,7
14633,7
14634,3
14635,4
14650,8
14657,1
14661,7
14662,8
14664,8
14672,3
14677,8
14681,8
14684,8
14689,8
14697,5
14700,2
14701,6
14717,8
14721,7
14733,7
14735,1
14737,7
14739,3
14740,6
14748,8
14750,8
14752,6
14754,5
14755,8
14763,7
14765,4
14779,6
14782,2
14785,3
14790,3
14792,8
14801,8
14812,3
14813,7
14816,7
14817,4
14819,6
14823,7
14831,8
14836,7
14838,5
14840,6
14844,8
14849,5
14851,7
14852,8
14858,4
14859,2
14862,5
14863,1
14869,7
14879,8
14882,7
14885,8
14890,8
14893,3
14897,8
14898,8
14901,1
14902,8
14917,2
14922,8
14924,6
14934,8
14940,5
14941,8
14945,2
14948,2
14956,2
14962,3
14963,8
14966,7
14972,8
14974,8
14977,8
14980,8
14990,6
14991,2
14998,1
15000,8
15014,8
15021,7
15025,8
15031,4
15036,8
15042,7
15047,1
15049,8
15055,7
15058,8
15059,8
15061,4
15069,8
15070,2
15072,8
15077,6
15085,8
15101,4
15105,2
15107,1
15108,2
15109,8
15111,3
15112,8
15113,3
15122,7
15128,4
15129,5
15131,8
15135,4
15136,5
15138,8
15140,8
15151,1
15160,8
15170,6
15171,1
15177,1
15184,3
15187,7
15195,5
15196,2
15202,2
15203,8
15205,2
15220,5
15222,7
15224,8
15226,4
15229,8
15232,7
15234,8
15250,8
15254,8
15258,5
15260,5
15261,8
15272,3
15276,8
15278,8
15282,8
15289,7
15290,7
15294,2
15298,7
15300,1
15304,7
15307,8
15308,7
15314,8
15322,5
15323,4
15330,7
15333,2
15334,3
15335,8
15341,6
15342,2
15343,5
15345,8
15346,8
15355,6
15356,8
15360,4
15364,7
15368,7
15389,3
15398,8
15400,2
15401,3
15405,2
15406,7
15408,4
15414,4
15416,2
15417,8
15428,7
15431,8
15434,8
15436,5
15437,8
15438,1
15440,7
15448,8
15449,4
15450,3
15451,7
15454,7
15459,8
15466,7
15468,6
15475,7
15478,4
15482,7
15483,8
15485,8
15494,8
15497,8
15504,6
15507,8
15519,8
15520,2
15521,6
15524,7
15534,8
15539,8
15540,7
15541,8
15543,8
15547,7
15548,6
15551,8
15563,7
15565,7
15569,8
15570,8
15572,7
15575,6
15584,6
15585,6
15587,8
15588,5
15592,8
15593,5
15599,3
15603,4
15605,8
15606,7
15607,4
15622,8
15623,1
15628,8
15630,1
15632,8
15635,8
15642,7
15643,8
15647,4
15648,4
15651,4
15652,7
15655,8
15656,5
15657,8
15659,4
15663,7
15664,3
15665,8
15666,8
15667,4
15672,5
15676,7
15685,5
15697,8
15705,7
15706,7
15715,8
15720,7
15724,1
15725,4
15726,8
15729,8
15731,6
15745,8
15753,2
15754,5
15760,7
15763,6
15764,2
15767,8
15770,7
15772,5
15777,5
15781,7
15784,8
15785,7
15799,3
15803,4
15805,6
15806,8
15808,8
15810,2
15816,7
15818,7
15824,4
15825,6
15827,7
15834,2
15835,7
15837,8
15839,8
15843,6
15845,7
15850,2
15852,8
15853,1
15864,4
15866,2
15868,1
15869,7
15876,8
15877,2
15882,2
15891,2
15900,4
15905,8
15913,7
15918,4
15925,3
15933,1
15936,4
15939,3
15940,8
15944,1
15945,7
15950,8
15951,2
15958,4
15971,5
15972,2
15976,6
15979,1
15980,1
15984,8
15985,2
15986,8
15987,5
15988,8
15990,8
15991,8
15993,3
16008,7
16009,8
16011,5
16016,2
16022,4
16024,3
16025,2
16031,4
16032,4
16036,8
16039,7
16043,5
16044,2
16046,1
16051,6
16052,7
16056,1
16057,8
16061,1
16067,3
16070,4
16073,2
16075,8
16076,7
16079,8
16081,5
16082,7
16083,2
16086,8
16088,7
16094,6
16097,4
16099,7
16102,7
16107,7
16112,7
16115,3
16119,8
16120,5
16123,1
16128,8
16134,7
16138,7
16141,8
16142,8
16144,5
16154,6
16155,4
16159,3
16161,7
16163,4
16168,6
16169,8
16170,6
16173,5
16175,7
16176,8
16177,5
16182,1
16183,4
16186,5
16188,7
16194,7
16201,2
16204,6
16205,7
16208,5
16212,8
16213,4
16221,7
16227,6
16231,1
16233,8
16234,5
16235,8
16238,6
16239,5
16245,2
16247,7
16248,1
16252,5
16257,8
16259,4
16260,2
16262,8
16264,2
16268,7
16273,6
16277,7
16284,6
16290,8
16291,8
16304,8
16307,7
16309,7
16310,4
16317,4
16319,5
16323,7
16329,8
16340,4
16345,5
16348,8
16350,7
16353,8
16363,8
16364,7
16366,1
16379,1
16387,8
16390,4
16392,6
16393,8
16396,5
16398,6
16400,8
16403,8
16409,7
16414,7
16417,3
16418,7
16420,3
16421,8
16422,7
16430,1
16432,5
16433,7
16434,8
16435,3
16436,3
16444,5
16451,8
16458,8
16463,7
16466,5
16469,5
16471,6
16475,1
16480,5
16481,7
16486,1
16489,8
16493,1
16499,6
16507,6
16509,5
16514,3
16515,8
16518,8
16520,4
16525,1
16531,1
16532,4
16534,6
16537,7
16538,5
16539,7
16540,2
16549,7
16558,4
16560,4
16569,1
16571,5
16574,8
16581,4
16583,8
16590,8
16594,8
16616,4
16617,1
16619,8
16623,8
16629,1
16634,8
16640,1
16641,1
16642,8
16650,1
16656,2
16658,5
16664,2
16671,8
16676,8
16678,7
16685,4
16693,6
16695,7
16698,8
16702,8
16708,8
16713,6
16727,8
16728,5
16736,6
16743,3
16746,8
16751,7
16752,7
16754,7
16775,5
16782,6
16783,8
16785,8
16796,2
16797,5
16804,5
16814,8
16816,8
16819,3
16828,4
16834,5
16836,1
16840,6
16841,8
16844,5
16845,2
16860,6
16867,8
16869,8
16878,4
16879,5
16885,1
16897,8
16904,2
16905,8
16911,6
16912,4
16916,8
16918,8
16923,8
16927,8
16932,8
16938,1
16939,8
16944,7
16948,8
16956,8
16961,5
16964,2
16966,7
16971,8
16972,7
16978,8
16983,8
16989,3
16990,4
16992,2
16994,5
16997,6
17002,6
17008,5
17015,8
17018,1
17019,7
17026,1
17029,4
17035,1
17038,3
17044,3
17047,4
17051,4
17054,2
17055,8
17070,8
17073,7
17075,7
17078,7
17079,8
17080,6
17081,2
17082,6
17084,3
17090,7
17091,2
17103,8
17120,2
17128,8
17129,5
17130,6
17133,5
17135,5
17136,3
17138,4
17164,1
17165,2
17175,8
17176,1
17189,8
17191,4
17193,8
17194,5
17201,8
17203,5
17208,3
17212,8
17213,3
17214,7
17215,7
17219,7
17225,8
17226,2
17227,8
17233,7
17235,2
17245,8
17254,8
17258,8
17261,5
17262,8
17263,6
17265,4
17273,5
17276,6
17278,2
17281,7
17284,7
17287,8
17290,8
17292,4
17298,7
17299,8
17300,6
17301,8
17302,5
17311,3
17314,4
17321,8
17322,8
17324,7
17328,2
17331,5
17332,5
17337,1
17343,7
17344,2
17345,8
17348,8
17354,2
17362,7
17363,8
17365,8
17376,8
17383,6
17385,4
17391,1
17394,2
17395,8
17396,8
17401,6
17404,7
17405,8
17407,4
17411,8
17424,2
17427,6
17435,7
17438,7
17440,8
17444,8
17445,7
17449,8
17456,8
17458,3
17459,8
17468,8
17470,2
17472,7
17477,2
17479,5
17483,4
17485,8
17492,4
17493,6
17496,4
17499,8
17506,8
17507,5
17513,8
17516,4
17520,2
17524,7
17528,7
17538,8
17541,1
17545,2
17546,4
17552,8
17553,1
17555,4
17565,4
17567,6
17571,5
17573,7
17574,7
17580,2
17582,2
17598,8
17602,5
17606,1
17607,8
17623,5
17632,8
17633,8
17643,6
17646,8
17647,8
17648,8
17657,8
17658,8
17659,6
17667,7
17670,5
17677,6
17678,2
17680,7
17683,1
17684,7
17688,5
17689,6
17693,8
17694,8
17701,4
17702,8
17703,5
17704,8
17708,8
17710,4
17711,6
17712,8
17714,8
17715,7
17716,7
17718,8
17720,2
17724,4
17729,8
17731,8
17734,7
17741,7
17742,5
17744,2
17746,7
17749,6
17752,1
17753,8
17756,7
17757,1
17758,3
17766,4
17769,7
17778,8
17780,5
17781,7
17794,4
17801,2
17805,8
17811,6
17820,8
17824,5
17827,3
17830,8
17832,1
17838,1
17839,5
17840,8
17850,5
17856,6
17859,5
17861,7
17864,8
17868,2
17869,1
17871,1
17872,7
17874,8
17884,5
17885,8
17886,7
17887,7
17892,7
17893,1
17894,6
17897,7
17905,2
17908,7
17913,4
17915,1
17918,2
17922,5
17923,2
17924,1
17925,7
17929,8
17938,4
17940,7
17941,3
17944,2
17953,4
17956,2
17960,5
17965,7
17969,3
17973,2
17977,7
17979,8
17981,7
17982,8
17984,2
17986,3
17989,2
17997,7
17998,6
18000,8
18004,5
18010,2
18012,7
18013,1
18015,1
18027,8
18029,8
18034,6
18043,8
18049,3
18050,8
18053,8
18058,2
18061,1
18063,6
18065,5
18066,5
18071,8
18077,6
18078,6
18083,8
18086,7
18089,8
18096,7
18105,8
18106,8
18107,2
18109,7
18111,7
18115,8
18123,7
18124,7
18125,8
18126,7
18127,8
18132,8
18133,7
18136,8
18145,8
18146,8
18161,8
18166,8
18168,5
18176,7
18177,4
18178,8
18183,7
18184,8
18186,8
18192,6
18193,5
18197,1
18198,5
18204,7
18206,7
18207,3
18211,8
18212,7
18216,1
18223,5
18225,5
18227,1
18228,6
18229,8
18233,2
18244,1
18248,8
18251,5
18253,8
18256,1
18262,5
18269,4
18270,6
18274,7
18275,8
18283,4
18285,8
18291,3
18292,3
18293,8
18294,8
18297,5
18299,7
18302,7
18309,3
18311,7
18313,4
18326,8
18331,1
18335,7
18336,7
18337,5
18342,6
18351,7
18358,8
18359,2
18361,2
18362,8
18367,2
18369,7
18370,7
18374,5
18376,8
18377,2
18378,6
18380,8
18381,8
18383,5
18389,8
18390,3
18393,8
18394,4
18398,4
18400,8
18404,8
18406,1
18407,7
18410,1
18411,3
18412,2
18413,8
18416,8
18422,5
18427,8
18428,8
18430,7
18437,1
18438,3
18443,8
18445,1
18446,1
18453,7
18457,7
18459,7
18460,8
18462,6
18464,4
18469,2
18473,3
18474,5
18479,1
18480,4
18481,1
18484,5
18487,7
18492,2
18502,6
18504,2
18509,5
18512,8
18515,7
18517,2
18521,7
18537,8
18538,3
18542,7
18543,4
18546,7
18549,3
18552,7
18558,6
18560,6
18562,8
18566,8
18568,7
18569,5
18570,1
18571,8
18575,7
18576,2
18585,2
18587,7
18588,5
18589,6
18590,8
18596,8
18597,7
18600,7
18612,7
18615,6
18620,8
18624,5
18629,8
18632,3
18636,3
18637,4
18638,5
18639,8
18640,6
18643,2
18645,8
18646,8
18653,5
18656,7
18662,2
18666,5
18668,4
18671,4
18672,8
18673,8
18677,5
18680,2
18681,1
18683,7
18687,1
18689,8
18691,8
18703,8
18706,3
18715,5
18720,7
18722,1
18737,8
18738,5
18742,8
18744,2
18774,4
18784,7
18785,4
18787,7
18788,3
18798,8
18799,1
18802,7
18810,6
18811,7
18813,3
18816,8
18819,7
18821,8
18823,8
18828,4
18831,4
18833,5
18835,7
18840,5
18843,4
18846,3
18852,8
18867,8
18871,4
18872,8
18879,1
18880,8
18886,5
18888,7
18889,2
18897,8
18898,8
18900,5
18901,7
18908,3
18921,2
18923,7
18932,8
18939,7
18949,2
18951,6
18957,1
18958,1
18975,8
18982,8
18987,2
18990,8
18991,2
18999,1
19008,6
19010,8
19012,8
19014,6
19016,6
19017,8
19018,7
19024,5
19025,8
19030,8
19032,2
19034,5
19041,7
19042,1
19043,6
19045,7
19047,2
19048,7
19050,8
19051,8
19057,8
19060,2
19063,2
19069,8
19073,2
19074,8
19078,3
19080,5
19082,4
19096,1
19104,5
19105,1
19108,7
19112,8
19114,2
19127,1
19128,4
19129,8
19130,1
19131,8
19140,7
19145,6
19147,7
19148,6
19151,3
19160,6
19163,6
19164,7
19168,8
19171,8
19175,4
19180,2
19181,8
19189,5
19191,7
19193,3
19200,1
19202,1
19203,3
19205,5
19206,5
19207,8
19209,8
19213,8
19240,1
19241,8
19243,1
19247,7
19248,8
19252,1
19254,1
19272,1
19273,4
19285,5
19289,5
19295,6
19298,5
19301,7
19304,8
19315,5
19316,7
19317,5
19318,8
19321,4
19322,8
19325,1
19333,3
19341,8
19342,6
19346,6
19348,4
19351,4
19354,6
19356,1
19374,7
19375,7
19376,2
19380,4
19386,7
19388,8
19389,4
19393,4
19398,7
19399,5
19403,4
19406,5
19410,8
19416,8
19417,8
19422,6
19427,1
19436,7
19440,7
19442,4
19443,8
19446,2
19447,6
19456,7
19460,6
19468,5
19469,6
19470,8
19475,1
19478,8
19481,1
19482,4
19488,8
19490,5
19491,5
19497,8
19502,5
19504,4
19508,5
19511,2
19518,8
19520,8
19522,8
19530,8
19542,4
19544,2
19546,1
19547,7
19549,7
19552,7
19556,7
19559,7
19562,3
19564,2
19567,8
19568,2
19580,7
19581,6
19582,8
19585,6
19591,8
19594,3
19598,8
19602,8
19612,4
19613,4
19618,4
19623,5
19624,8
19628,1
19629,7
19631,1
19633,7
19636,5
19637,1
19641,7
19642,3
19655,8
19656,2
19658,8
19664,8
19665,8
19667,7
19668,8
19669,7
19673,8
19675,8
19676,4
19678,5
19680,1
19683,8
19684,8
19692,5
19698,1
19700,2
19702,5
19705,1
19706,7
19707,3
19711,8
19714,4
19718,5
19720,7
19735,1
19736,4
19741,5
19744,8
19745,6
19748,4
19750,8
19763,5
19767,4
19775,8
19778,8
19779,2
19782,8
19784,8
19785,4
19786,7
19788,8
19789,8
19791,1
19792,4
19794,3
19796,5
19802,2
19803,8
19804,1
19806,8
19812,7
19816,7
19818,8
19819,8
19820,6
19821,3
19823,4
19830,7
19834,1
19838,8
19841,8
19843,8
19847,4
19848,8
19850,2
19854,4
19861,3
19865,8
19866,8
19869,1
19871,7
19877,2
19885,8
19886,7
19888,8
19889,7
19895,8
19896,7
19899,7
19901,7
19907,2
19909,2
19910,8
19911,5
19918,6
19919,8
19928,1
19931,8
19944,3
19948,8
19956,8
19957,7
19961,5
19964,8
19965,2
19969,7
19978,5
19982,8
19983,7
19987,2
19988,2
19989,8
19992,8
19995,7
19996,8
20009,1
20017,8
20025,8
20032,7
20034,5
20039,2
20042,1
20044,7
20048,1
20051,6
20056,7
20064,8
20065,5
20069,4
20073,3
20087,7
20088,6
20097,8
20098,8
20106,8
20108,7
20113,1
20117,8
20119,5
20120,1
20122,1
20125,5
20126,7
20127,5
20131,7
20133,3
20136,1
20137,4
20144,5
20146,8
20147,2
20149,7
20158,2
20164,7
20170,3
20172,5
20175,5
20182,3
20187,5
20197,6
20199,8
20201,8
20204,8
20216,8
20221,6
20224,8
20226,8
20227,4
20230,1
20232,5
20235,7
20237,1
20240,8
20243,8
20245,3
20246,2
20250,7
20256,7
20261,2
20274,8
20280,5
20281,8
20282,2
20283,4
20291,5
20294,8
20300,4
20301,7
20306,5
20307,3
20311,7
20318,2
20319,8
20321,4
20324,6
20327,8
20328,5
20330,8
20332,7
20333,4
20334,8
20343,8
20354,7
20358,8
20368,7
20369,4
20371,8
20374,7
20379,8
20380,7
20385,4
20391,7
20392,7
20393,7
20394,3
20404,5
20413,1
20414,1
20418,1
20422,7
20428,3
20431,7
20435,1
20439,1
20454,7
20460,8
20462,1
20464,8
20477,8
20482,7
20484,2
20487,5
20505,7
20506,7
20507,7
20512,7
20514,1
20515,2
20517,8
20522,5
20523,7
20524,8
20525,5
20530,2
20544,8
20545,8
20552,7
20554,4
20557,7
20564,3
20568,6
20570,4
20579,1
20586,5
20591,8
20597,8
20602,8
20608,2
20609,5
20618,7
20619,7
20636,8
20640,7
20646,5
20654,8
20656,5
20661,7
20664,8
20665,8
20666,6
20671,8
20694,8
20695,5
20704,4
20705,6
20707,7
20710,7
20711,1
20712,7
20714,8
20722,2
20732,8
20738,4
20745,8
20746,7
20747,7
20751,8
20755,6
20762,7
20763,7
20769,8
20774,8
20780,8
20782,8
20783,3
20784,1
20811,3
20812,2
20814,8
20825,7
20827,2
20828,1
20830,3
20833,3
20835,8
20843,1
20846,3
20847,3
20849,3
20851,1
20858,8
20863,8
20870,1
20875,6
20879,8
20881,5
20887,2
20892,8
20895,6
20903,2
20905,3
20907,5
20908,6
20912,2
20915,7
20917,5
20918,5
20923,8
20924,4
20925,8
20927,7
20935,2
20937,7
20943,2
20945,7
20949,7
20950,8
20964,8
20970,7
20980,8
20990,4
20991,7
20996,8
21000,7
21002,6
21004,3
21011,7
21014,8
21015,7
21022,5
21026,1
21037,1
21038,1
21039,8
21061,8
21063,8
21065,5
21069,4
21071,7
21084,5
21086,4
21087,1
21089,7
21094,7
21095,8
21098,8
21103,8
21105,8
21106,8
21108,8
21109,6
21111,5
21112,8
21120,8
21125,8
21141,8
21142,8
21144,7
21146,3
21150,8
21159,6
21165,2
21166,2
21180,7
21183,4
21186,8
21187,6
21189,8
21193,8
21194,8
21205,8
21208,8
21209,6
21210,1
21211,6
21214,7
21221,2
21228,5
21235,6
21239,8
21242,8
21244,4
21245,5
21251,8
21260,7
21267,2
21269,8
21275,5
21281,8
21282,4
21286,1
21287,8
21292,3
21294,6
21305,1
21323,6
21329,8
21331,7
21332,7
21334,7
21340,2
21344,8
21346,8
21347,5
21348,1
21354,8
21365,2
21367,6
21368,7
21369,1
21371,8
21377,6
21379,7
21381,7
21382,1
21383,7
21387,5
21390,8
21394,4
21395,5
21397,7
21399,8
21400,5
21401,7
21402,6
21405,4
21406,8
21409,8
21411,8
21412,7
21416,7
21421,5
21422,7
21425,8
21428,7
21431,7
21434,7
21436,2
21444,1
21448,8
21453,8
21457,5
21461,8
21476,3
21480,3
21484,2
21489,5
21490,6
21494,3
21496,5
21506,1
21508,1
21515,4
21516,6
21517,8
21524,5
21543,8
21558,5
21559,1
21566,7
21572,5
21575,8
21578,4
21589,2
21595,5
21596,7
21605,6
21621,5
21628,8
21630,7
21632,8
21643,5
21645,7
21652,1
21660,5
21661,5
21664,2
21665,4
21666,3
21669,7
21673,7
21674,5
21675,5
21676,6
21680,5
21688,3
21693,2
21695,1
21697,1
21699,8
21705,8
21706,3
21707,1
21709,7
21711,2
21712,6
21717,7
21722,8
21726,1
21731,5
21732,5
21744,7
21745,5
21752,8
21759,6
21763,7
21765,2
21772,5
21779,5
21787,3
21790,2
21793,8
21794,3
21799,8
21809,2
21816,5
21819,4
21822,5
21837,2
21838,3
21839,4
21846,7
21848,5
21849,7
21856,5
21858,5
21866,8
21870,8
21873,8
21878,7
21881,7
21887,5
21890,8
21897,8
21902,8
21909,1
21915,7
21918,5
21920,8
21923,4
21924,6
21929,8
21933,7
21944,4
21946,1
21947,2
21953,7
21959,8
21969,2
21972,7
21975,6
21978,8
21979,3
21996,8
22001,7
22016,4
22017,5
22022,1
22028,7
22029,2
22033,8
22034,4
22037,3
22040,8
22042,8
22044,3
22045,5
22048,5
22054,1
22056,1
22057,8
22058,7
22065,1
22069,6
22073,2
22075,5
22077,2
22080,7
22082,4
22084,7
22085,8
22087,2
22089,7
22092,2
22093,7
22097,7
22099,7
22100,3
22101,8
22109,8
22111,7
22113,6
22114,4
22115,8
22117,2
22118,1
22128,8
22131,8
22132,7
22139,8
22140,6
22144,6
22158,1
22161,3
22162,8
22163,2
22164,3
22172,7
22176,5
22179,6
22181,5
22182,8
22184,7
22185,7
22187,5
22188,7
22196,5
22197,6
22213,8
22221,1
22222,7
22223,7
22225,2
22226,4
22227,7
22236,8
22238,2
22239,8
22241,7
22243,3
22244,3
22248,2
22253,8
22255,4
22257,1
22259,8
22267,2
22269,4
22271,7
22272,7
22273,5
22276,1
22279,1
22281,2
22286,8
22288,8
22292,8
22300,8
22301,1
22308,1
22317,8
22318,5
22321,6
22322,8
22328,4
22329,4
22331,7
22333,8
22334,7
22337,5
22338,6
22342,7
22346,3
22348,8
22354,8
22358,7
22359,2
22361,8
22368,2
22369,3
22370,8
22372,8
22375,8
22376,8
22378,8
22379,8
22381,1
22382,2
22394,8
22404,7
22405,6
22406,7
22410,7
22413,6
22420,1
22423,8
22425,1
22428,4
22431,4
22434,4
22440,3
22449,7
22452,8
22453,8
22458,5
22459,6
22464,2
22466,8
22475,6
22480,7
22482,6
22486,8
22487,1
22489,7
22490,6
22493,3
22494,1
22496,8
22500,2
22506,5
22516,8
22520,6
22527,8
22530,6
22534,2
22535,6
22544,7
22546,5
22547,6
22557,8
22559,4
22561,3
22566,2
22567,8
22570,6
22574,8
22584,8
22588,6
22589,7
22590,1
22591,5
22592,7
22596,4
22598,1
22600,2
22602,2
22603,5
22604,2
22610,4
22616,6
22617,8
22620,7
22623,2
22625,8
22629,7
22630,8
22631,1
22634,6
22635,5
22636,6
22638,2
22647,7
22653,1
22655,7
22663,8
22666,8
22683,6
22684,4
22686,6
22696,4
22698,8
22703,2
22705,6
22709,2
22719,4
22731,7
22734,7
22738,5
22741,5
22742,1
22744,6
22750,8
22753,3
22756,2
22760,7
22765,5
22766,8
22770,8
22771,7
22781,8
22788,2
22789,7
22793,1
22795,3
22802,8
22803,8
22805,8
22806,4
22815,8
22819,8
22822,2
22831,3
22832,7
22835,8
22836,5
22837,7
22842,8
22850,8
22852,8
22855,8
22859,5
22862,7
22863,3
22869,8
22871,8
22879,7
22882,8
22885,6
22889,8
22890,8
22891,5
22894,8
22902,8
22903,5
22907,8
22913,4
22917,8
22919,3
22920,3
22921,8
22927,4
22929,8
22931,4
22934,7
22941,8
22947,6
22956,8
22959,8
22960,8
22964,1
22965,8
22970,8
22973,8
22975,4
22979,2
22981,2
22990,4
22991,7
23003,1
23008,8
23022,8
23024,4
23026,1
23035,5
23041,3
23047,8
23048,8
23060,7
23064,2
23067,7
23073,4
23087,8
23093,8
23100,7
23101,3
23105,1
23108,7
23111,7
23112,8
23115,1
23118,1
23119,5
23120,1
23121,3
23126,5
23129,7
23131,5
23133,8
23135,3
23139,1
23140,8
23141,1
23142,4
23148,8
23149,6
23152,2
23154,5
23156,5
23159,7
23160,1
23164,3
23178,7
23183,3
23184,3
23186,5
23189,2
23191,4
23193,8
23194,8
23196,4
23209,1
23210,8
23211,2
23212,8
23213,5
23216,8
23222,4
23224,7
23226,4
23229,2
23234,6
23239,8
23247,8
23252,8
23259,3
23261,7
23267,5
23270,2
23278,8
23279,6
23280,8
23285,1
23294,8
23301,8
23306,7
23317,5
23319,3
23323,7
23327,6
23329,7
23330,7
23335,7
23365,7
23366,5
23372,7
23376,8
23378,4
23381,8
23383,5
23387,5
23391,5
23397,3
23403,7
23404,5
23405,5
23411,5
23412,2
23414,8
23424,8
23429,7
23436,8
23438,4
23439,8
23448,4
23455,8
23460,8
23462,3
23463,1
23471,5
23473,3
23475,6
23481,8
23482,5
23488,5
23489,6
23494,8
23495,5
23504,6
23509,6
23514,7
23516,5
23517,7
23522,8
23523,7
23528,4
23529,7
23537,7
23548,2
23549,8
23551,4
23557,6
23558,8
23560,8
23565,2
23566,4
23571,6
23572,2
23574,8
23581,3
23583,7
23585,3
23588,1
23595,1
23597,3
23601,6
23605,1
23606,6
23607,5
23608,7
23610,5
23612,8
23614,3
23616,8
23624,1
23628,2
23634,6
23635,8
23639,4
23640,8
23643,1
23644,7
23649,5
23654,2
23663,3
23669,8
23679,1
23680,5
23681,7
23683,5
23684,3
23687,1
23688,5
23690,4
23695,5
23696,8
23698,7
23702,3
23703,1
23704,4
23716,6
23717,7
23724,6
23728,8
23738,7
23745,8
23746,8
23754,2
23755,8
23758,5
23761,7
23768,8
23769,6
23775,8
23781,5
23783,2
23788,7
23789,2
23794,8
23797,4
23805,8
23806,4
23816,1
23822,7
23826,8
23840,2
23848,4
23850,6
23851,1
23852,5
23859,1
23878,6
23888,7
23897,8
23901,8
23905,1
23909,8
23913,7
23915,1
23919,8
23923,2
23926,7
23930,8
23935,8
23937,6
23938,3
23939,7
23944,8
23945,4
23946,8
23948,8
23953,1
23955,3
23957,6
23961,2
23965,5
23967,7
23969,5
23972,8
23973,8
23980,8
23982,7
23983,7
23984,4
23986,8
24003,8
24006,7
24010,2
24011,7
24014,5
24019,8
24028,3
24033,1
24035,4
24041,8
24042,2
24043,8
24045,8
24048,8
24050,8
24057,4
24062,8
24065,2
24066,7
24067,8
24072,8
24076,7
24083,2
24085,8
24089,7
24090,6
24092,8
24096,5
24100,7
24103,5
24121,7
24125,8
24129,8
24145,8
24149,5
24159,2
24160,6
24161,8
24164,5
24165,8
24175,8
24180,8
24183,5
24184,8
24187,5
24190,4
24191,7
24198,7
24199,8
24200,8
24204,7
24205,7
24207,5
24208,2
24212,8
24213,7
24214,1
24219,3
24221,8
24222,7
24223,8
24225,7
24231,6
24237,5
24239,8
24241,7
24248,1
24249,8
24253,3
24257,8
24259,8
24262,8
24263,3
24265,5
24284,2
24286,4
24290,7
24293,5
24294,8
24296,2
24298,1
24299,8
24310,8
24314,2
24316,4
24320,8
24322,4
24328,6
24329,5
24330,7
24333,4
24334,3
24335,3
24336,1
24340,3
24344,2
24345,8
24347,1
24357,8
24359,8
24360,8
24361,7
24362,5
24368,1
24370,4
24374,1
24377,8
24380,1
24383,8
24387,4
24390,8
24391,1
24392,4
24394,1
24404,8
24406,8
24409,2
24411,4
24414,7
24416,7
24420,7
24427,5
24431,8
24432,8
24435,8
24436,1
24437,6
24441,8
24448,8
24450,3
24452,7
24458,7
24461,5
24462,4
24468,5
24472,2
24476,7
24477,5
24484,6
24486,8
24488,7
24490,5
24491,4
24493,8
24500,1
24502,7
24504,8
24512,8
24518,7
24520,7
24529,5
24531,3
24532,8
24535,4
24538,3
24541,7
24544,4
24549,8
24550,3
24560,7
24561,8
24575,4
24576,1
24580,5
24581,2
24587,8
24590,6
24593,4
24595,8
24602,5
24604,8
24607,8
24613,8
24614,7
24620,6
24627,8
24631,8
24638,5
24639,7
24642,8
24643,2
24653,1
24670,5
24673,8
24678,2
24681,1
24682,4
24697,7
24698,7
24702,7
24703,5
24706,8
24707,7
24709,8
24715,7
24719,7
24726,2
24728,2
24729,1
24734,1
24736,4
24737,8
24744,8
24753,8
24754,3
24755,8
24757,8
24764,3
24765,7
24766,4
24767,8
24775,7
24776,8
24782,2
24785,2
24786,7
24787,5
24791,8
24793,8
24801,7
24808,7
24813,6
24817,8
24825,6
24826,7
24830,8
24837,7
24841,1
24849,3
24850,8
24853,7
24857,8
24858,3
24859,8
24860,8
24862,7
24864,4
24867,7
24869,8
24875,5
24876,7
24879,7
24882,8
24883,7
24896,7
24899,8
24901,8
24902,2
24906,6
24909,5
24912,5
24914,6
24916,6
24926,3
24929,7
24930,1
24937,8
24939,8
24940,8
24962,8
24971,3
24974,8
24976,8
24981,8
24988,8
24993,6
24995,8
24996,7
25012,8
25021,7
25031,6
25033,8
25036,8
25037,8
25042,7
25046,1
25047,8
25055,8
25060,4
25063,8
25071,8
25078,8
25082,7
25090,8
25092,7
25093,2
25094,6
25097,7
25099,8
25101,1
25102,4
25103,7
25110,4
25119,8
25120,6
25124,8
25125,7
25127,1
25128,8
25131,6
25136,5
25146,8
25156,8
25163,3
25165,8
25166,7
25172,2
25175,8
25178,7
25180,4
25184,1
25185,8
25194,7
25195,5
25197,8
25200,5
25202,5
25203,5
25207,1
25209,8
25211,8
25216,5
25217,8
25218,8
25219,8
25220,5
25221,2
25228,4
25231,6
25232,4
25242,5
25246,7
25247,2
25256,5
25260,7
25261,2
25262,4
25265,7
25268,8
25269,2
25279,7
25283,6
25286,4
25291,6
25293,7
25307,7
25311,4
25314,4
25316,6
25325,5
25341,7
25343,7
25347,8
25358,7
25360,1
25373,7
25375,7
25393,8
25395,4
25398,4
25405,8
25411,4
25416,8
25418,1
25427,6
25429,5
25433,8
25435,8
25436,7
25437,5
25441,1
25442,5
25448,8
25449,1
25450,7
25451,7
25454,8
25471,7
25491,8
25493,7
25494,7
25496,5
25498,8
25501,8
25502,4
25508,4
25509,1
25512,7
25515,8
25517,8
25525,8
25526,8
25536,8
25540,8
25542,5
25549,7
25551,3
25555,7
25559,6
25563,6
25564,7
25566,8
25568,4
25576,5
25581,8
25586,8
25591,8
25593,2
25598,8
25606,7
25608,8
25609,3
25613,4
25616,8
25620,8
25627,2
25632,7
25635,8
25642,1
25646,6
25647,5
25653,8
25658,3
25661,7
25665,2
25677,8
25680,2
25681,8
25682,8
25684,8
25686,8
25694,5
25697,7
25700,2
25703,7
25704,4
25707,7
25710,2
25715,8
25717,8
25724,8
25726,8
25733,8
25741,8
25742,8
25744,6
25747,7
25757,5
25760,8
25762,6
25765,5
25770,8
25775,8
25777,7
25783,5
25786,8
25789,2
25801,8
25803,1
25804,5
25805,7
25808,2
25812,6
25814,8
25817,1
25820,7
25825,8
25827,2
25831,8
25835,8
25836,8
25838,8
25852,4
25857,8
25866,8
25867,7
25869,5
25873,1
25874,7
25876,5
25877,1
25884,8
25886,8
25888,7
25889,8
25892,2
25893,7
25894,8
25899,4
25913,7
25915,3
25916,4
25919,6
25921,2
25924,1
25926,3
25931,8
25944,6
25945,8
25950,8
25951,8
25956,8
25963,8
25969,8
25974,7
25976,7
25980,8
25984,4
25985,7
25986,8
25997,8
25999,2
26001,7
26011,8
26018,8
26019,4
26027,8
26031,3
26037,2
26038,8
26039,7
26043,6
26044,5
26046,8
26049,8
26056,8
26060,8
26063,7
26065,2
26069,8
26073,1
26078,4
26082,1
26087,7
26094,7
26095,8
26096,6
26097,1
26102,7
26114,8
26117,2
26118,8
26124,1
26131,8
26137,7
26143,5
26150,8
26167,7
26169,7
26171,1
26178,8
26179,8
26183,3
26187,7
26189,5
26193,4
26196,7
26201,8
26204,2
26206,8
26214,8
26216,7
26221,8
26227,7
26236,6
26240,3
26241,8
26258,8
26267,2
26270,8
26274,3
26280,8
26284,2
26299,4
26307,7
26310,8
26313,8
26314,8
26316,7
26322,6
26326,1
26327,8
26329,4
26330,7
26331,2
26337,5
26344,1
26346,2
26354,8
26356,8
26389,5
26403,4
26405,8
26415,1
26421,7
26427,8
26428,7
26434,8
26435,7
26442,3
26445,5
26447,8
26449,5
26451,5
26454,6
26462,7
26465,8
26469,2
26476,7
26479,8
26480,6
26495,8
26497,1
26498,8
26503,8
26509,7
26512,7
26518,8
26519,6
26521,6
26524,7
26527,7
26535,2
26539,8
26542,5
26549,2
26554,1
26559,6
26561,4
26562,6
26567,5
26570,1
26584,8
26588,7
26593,2
26596,2
26597,8
26598,7
26599,8
26609,3
26611,4
26617,8
26618,2
26621,7
26626,8
26628,2
26631,6
26640,6
26642,6
26644,1
26649,8
26656,8
26664,1
26673,7
26685,6
26687,8
26689,7
26690,8
26698,6
26699,8
26701,8
26711,2
26720,4
26724,8
26726,7
26727,7
26732,3
26734,3
26735,8
26738,1
26739,8
26740,7
26749,2
26757,8
26759,5
26766,3
26768,5
26769,4
26770,7
26776,7
26782,7
26786,7
26788,2
26791,1
26792,7
26793,7
26796,8
26798,6
26817,3
26818,8
26821,8
26824,4
26832,1
26833,1
26848,5
26853,4
26854,1
26859,8
26861,1
26865,2
26866,7
26868,6
26873,7
26876,8
26882,8
26884,7
26890,7
26891,1
26893,8
26894,7
26896,5
26904,7
26908,5
26909,5
26910,3
26919,8
26929,8
26931,4
26933,8
26936,8
26937,7
26938,6
26940,4
26942,8
26943,3
26946,7
26948,7
26950,7
26964,2
26965,8
26966,8
26968,8
26969,1
26977,7
26980,8
26982,8
26985,2
26991,8
26992,6
26996,1
27004,6
27005,1
27009,8
27014,4
27015,6
27022,2
27024,8
27033,5
27040,2
27041,2
27042,4
27044,2
27051,4
27054,4
27056,1
27060,2
27062,7
27067,7
27069,8
27072,8
27082,8
27083,7
27088,3
27089,7
27096,1
27102,8
27105,4
27107,8
27111,6
27114,3
27125,6
27132,5
27135,1
27136,4
27139,8
27146,8
27147,1
27148,7
27161,8
27163,7
27164,7
27166,8
27174,8
27176,8
27181,4
27183,2
27191,5
27202,4
27203,8
27205,3
27206,2
27209,1
27210,8
27212,8
27214,4
27223,8
27225,6
27227,5
27229,7
27233,4
27234,8
27235,7
27236,8
27237,3
27240,7
27241,5
27248,7
27261,8
27266,8
27276,8
27281,8
27282,1
27288,2
27289,2
27290,2
27292,4
27294,6
27301,6
27310,8
27312,5
27318,7
27319,1
27341,2
27356,8
27358,6
27361,8
27369,1
27372,8
27374,4
27378,2
27379,3
27383,3
27388,8
27395,8
27406,3
27408,7
27409,7
27413,6
27416,3
27430,5
27431,7
27435,8
27444,5
27468,7
27475,8
27477,5
27487,7
27489,5
27494,8
27499,7
27501,7
27504,7
27506,4
27507,8
27508,1
27511,4
27515,5
27519,8
27520,8
27527,7
27528,2
27535,1
27536,7
27543,7
27546,8
27548,6
27551,7
27553,7
27561,8
27563,7
27565,8
27566,1
27567,7
27573,8
27575,8
27576,6
27577,8
27583,7
27587,4
27589,2
27592,8
27597,8
27599,7
27600,7
27602,4
27605,1
27606,5
27621,8
27624,2
27625,8
27630,7
27631,1
27633,5
27634,8
27639,4
27640,7
27645,3
27646,5
27647,1
27649,6
27660,7
27664,7
27666,8
27667,8
27669,4
27671,8
27673,7
27681,8
27684,8
27685,4
27686,7
27688,6
27701,5
27704,5
27712,8
27713,1
27716,8
27719,4
27720,3
27724,7
27730,3
27733,1
27734,7
27738,7
27739,8
27742,8
27759,7
27768,8
27771,5
27772,8
27773,4
27780,1
27788,7
27793,7
27795,5
27796,8
27799,8
27802,7
27809,2
27816,7
27817,8
27826,8
27827,7
27833,7
27835,8
27839,1
27846,7
27847,7
27851,8
27854,7
27855,5
27856,4
27859,8
27861,8
27864,8
27877,7
27885,4
27889,5
27890,7
27893,8
27901,1
27904,7
27906,7
27908,5
27909,8
27915,2
27921,8
27923,5
27927,7
27934,6
27936,8
27937,8
27938,8
27939,5
27941,8
27942,1
27953,8
27955,6
27960,8
27962,7
27963,3
27965,8
27968,7
27969,5
27977,7
27979,2
27980,6
27990,8
27994,3
28001,7
28003,8
28006,5
28009,7
28021,7
28025,6
28030,7
28031,2
28037,7
28038,8
28041,5
28043,8
28049,8
28055,8
28056,7
28075,7
28082,8
28085,1
28086,8
28091,8
28097,4
28098,4
28103,8
28112,3
28113,5
28121,7
28123,8
28124,8
28126,1
28127,8
28128,4
28130,8
28135,8
28136,3
28138,8
28144,7
28145,5
28150,8
28151,7
28152,2
28162,8
28164,6
28165,7
28173,7
28181,5
28189,8
28190,5
28193,7
28197,5
28201,8
28204,4
28222,8
28237,7
28239,3
28242,7
28247,2
28251,5
28259,7
28268,8
28271,1
28272,5
28280,6
28282,8
28285,8
28286,8
28288,2
28289,8
28297,5
28310,7
28311,4
28314,2
28315,7
28325,7
28328,8
28331,8
28337,8
28343,5
28346,8
28350,7
28355,6
28358,8
28362,4
28363,8
28365,8
28369,2
28373,5
28378,5
28381,8
28389,5
28391,6
28401,1
28405,1
28408,8
28420,2
28423,5
28425,4
28429,7
28432,1
28435,6
28437,7
28443,8
28444,1
28454,1
28459,1
28464,7
28470,1
28475,1
28484,8
28485,1
28491,5
28496,1
28499,7
28501,1
28502,4
28506,7
28510,6
28511,2
28513,8
28521,8
28533,7
28535,7
28537,8
28538,8
28540,4
28541,5
28546,2
28551,5
28559,6
28570,7
28571,5
28572,1
28573,8
28575,4
28585,2
28595,2
28600,4
28611,1
28614,2
28615,6
28617,8
28618,5
28629,1
28632,1
28633,8
28636,1
28638,7
28642,5
28647,7
28654,5
28657,7
28658,8
28659,8
28660,7
28661,7
28663,8
28665,7
28667,8
28669,8
28673,5
28687,1
28688,7
28689,3
28692,8
28701,2
28703,3
28705,7
28707,8
28709,2
28716,1
28724,7
28728,5
28729,1
28730,8
28736,7
28741,5
28743,8
28746,1
28752,5
28759,8
28761,8
28762,2
28763,8
28765,5
28768,7
28769,1
28771,2
28785,8
28786,4
28790,8
28791,7
28796,2
28797,2
28807,3
28808,4
28813,7
28815,7
28821,7
28822,8
28824,7
28827,7
28835,8
28837,2
28841,5
28845,7
28857,7
28864,6
28866,8
28867,7
28870,8
28880,1
28889,4
28897,2
28902,6
28903,2
28906,8
28907,8
28908,8
28910,8
28921,3
28923,7
28928,3
28929,2
28954,7
28961,8
28964,7
28968,8
28974,8
28977,8
28979,8
28987,5
28989,4
28994,2
28996,2
28999,5
29004,6
29007,8
29008,7
29014,8
29016,5
29019,2
29024,8
29028,5
29034,1
29039,8
29040,7
29045,2
29054,8
29056,8
29068,7
29071,8
29075,1
29076,7
29080,2
29094,8
29096,8
29097,5
29099,4
29100,7
29106,7
29111,8
29123,1
29124,7
29125,5
29126,8
29127,6
29131,3
29136,8
29138,7
29143,8
29145,2
29146,3
29147,7
29148,4
29152,8
29153,1
29155,4
29160,7
29163,3
29165,2
29166,2
29167,5
29168,8
29169,4
29171,8
29176,5
29185,8
29188,8
29190,5
29193,3
29194,2
29196,6
29198,6
29214,4
29215,7
29217,8
29221,7
29223,1
29232,8
29233,7
29234,7
29235,8
29238,3
29241,5
29243,5
29255,7
29261,1
29263,4
29264,4
29265,1
29268,7
29269,7
29276,2
29281,7
29285,7
29287,7
29288,5
29293,8
29298,8
29301,2
29310,8
29311,7
29314,5
29316,8
29331,1
29335,1
29336,8
29342,5
29344,4
29345,5
29349,1
29352,6
29356,4
29361,2
29369,2
29374,8
29381,8
29382,3
29383,8
29392,7
29395,3
29396,6
29398,8
29400,6
29403,8
29410,6
29412,7
29415,8
29421,6
29426,4
29429,5
29430,4
29435,8
29441,3
29444,6
29455,4
29456,1
29457,5
29458,8
29459,6
29463,8
29471,7
29474,8
29477,7
29485,8
29491,2
29494,5
29495,7
29498,7
29499,8
29504,5
29510,3
29512,8
29519,5
29522,1
29528,7
29529,8
29532,8
29538,8
29539,1
29541,2
29550,3
29558,8
29566,8
29567,4
29572,7
29577,4
29578,5
29579,6
29586,3
29587,6
29598,5
29606,7
29608,7
29610,7
29611,7
29613,8
29615,2
29621,8
29623,7
29629,2
29630,8
29631,8
29635,2
29639,8
29642,7
29650,7
29653,8
29654,5
29656,8
29664,8
29667,1
29673,8
29674,7
29686,1
29690,4
29692,8
29700,7
29711,2
29712,7
29715,2
29716,4
29720,7
29727,8
29729,8
29742,2
29744,8
29747,4
29748,4
29749,2
29752,1
29757,1
29765,7
29768,7
29777,8
29779,7
29794,5
29796,7
29803,8
29810,5
29811,6
29813,5
29821,7
29824,5
29830,8
29832,5
29834,8
29837,4
29843,4
29844,7
29848,7
29851,2
29854,5
29859,2
29860,2
29861,2
29864,5
29868,8
29870,7
29872,2
29874,8
29875,8
29876,4
29881,8
29886,8
29891,8
29892,8
29894,4
29902,5
29904,6
29906,4
29913,5
29914,5
29915,4
29919,2
29925,2
29934,2
29936,8
29938,5
29939,6
29943,4
29945,4
29947,3
29951,7
29952,5
29956,1
29960,5
29962,3
29969,4
29971,7
29981,7
29982,8
29983,2
29986,8
29987,2
29991,1
29993,8
29996,5
30000,2
30002,3
30003,1
30010,8
30015,1
30017,4
30021,5
30025,7
30030,4
30032,2
30035,7
30038,6
30041,7
30042,2
30045,8
30053,1
30055,1
30057,1
30059,7
30061,8
30062,8
30063,7
30067,6
30071,7
30072,2
30075,7
30076,5
30077,2
30081,7
30087,7
30090,6
30093,1
30094,8
30096,8
30097,1
30106,7
30108,3
30116,3
30117,2
30121,5
30124,8
30125,8
30140,8
30141,7
30142,7
30146,7
30152,5
30153,1
30154,5
30155,6
30157,4
30159,3
30163,2
30164,8
30167,3
30168,8
30169,7
30170,8
30171,4
30179,8
30181,7
30182,8
30183,7
30187,8
30189,8
30192,8
30198,8
30202,8
30203,5
30205,7
30207,2
30209,7
30213,4
30217,3
30223,8
30224,2
30231,6
30234,3
30236,3
30239,6
30240,8
30247,4
30252,8
30254,8
30256,8
30267,8
30270,5
30277,1
30281,8
30284,7
30287,2
30290,8
30294,8
30295,8
30301,1
30304,8
30308,7
30309,5
30310,7
30313,7
30315,7
30316,5
30318,5
30320,5
30333,8
30335,7
30337,7
30340,8
30345,7
30346,2
30353,8
30358,2
30362,7
30365,8
30366,4
30372,8
30377,8
30386,7
30398,3
30408,8
30410,5
30411,5
30414,4
30420,8
30423,4
30425,7
30431,2
30436,8
30437,4
30442,7
30443,5
30444,2
30446,1
30447,2
30449,8
30451,7
30452,4
30455,7
30464,8
30475,8
30481,7
30490,8
30492,8
30497,8
30503,7
30504,1
30505,8
30506,8
30509,7
30512,8
30515,7
30516,8
30522,6
30526,5
30531,7
30536,1
30540,7
30542,8
30546,5
30550,4
30552,6
30555,8
30557,1
30558,2
30559,7
30564,7
30565,8
30578,5
30582,7
30585,2
30586,6
30595,3
30596,8
30598,2
30605,8
30606,8
30612,8
30613,7
30614,6
30620,7
30624,8
30630,8
30639,2
30640,7
30643,7
30651,6
30654,8
30657,8
30665,2
30666,5
30671,2
30678,4
30679,8
30689,5
30692,8
30698,7
30702,1
30703,3
30709,8
30721,4
30723,7
30724,2
30734,3
30742,2
30745,6
30751,7
30764,8
30765,8
30786,8
30788,7
30790,4
30791,8
30794,7
30803,7
30805,7
30811,5
30812,2
30815,1
30818,2
30823,4
30827,4
30829,4
30830,4
30835,1
30837,6
30838,3
30847,6
30851,6
30859,5
30861,8
30866,8
30867,8
30874,4
30875,4
30877,1
30879,5
30885,8
30886,8
30887,1
30890,3
30893,8
30903,5
30906,4
30909,4
30914,8
30917,3
30918,6
30920,2
30933,7
30934,1
30936,8
30938,7
30944,2
30946,6
30949,5
30950,8
30952,4
30958,6
30965,6
30967,7
30971,4
30973,6
30984,4
30985,3
30987,8
30997,1
31001,3
31004,4
31006,6
31007,7
31008,1
31009,2
31012,5
31014,6
31020,7
31029,8
31030,5
31031,3
31036,7
31039,8
31040,4
31044,1
31048,7
31050,7
31051,6
31059,3
31060,7
31065,1
31067,8
31070,8
31077,6
31082,8
31083,5
31089,8
31093,5
31096,7
31100,8
31103,2
31121,6
31135,8
31137,7
31139,4
31144,7
31147,7
31155,8
31158,7
31160,5
31161,1
31162,1
31168,8
31172,8
31174,8
31176,8
31180,4
31184,2
31185,8
31188,7
31193,2
31202,7
31207,8
31210,8
31212,8
31213,2
31217,8
31218,2
31223,3
31231,8
31238,8
31240,4
31249,4
31250,2
31255,8
31260,1
31261,4
31273,8
31276,7
31277,7
31284,6
31286,8
31290,4
31295,8
31300,5
31302,5
31303,8
31304,8
31306,8
31307,6
31308,7
31321,1
31323,7
31324,7
31326,5
31336,8
31337,8
31339,5
31342,2
31343,3
31344,3
31348,6
31349,8
31354,7
31356,8
31361,7
31362,2
31365,6
31371,1
31373,8
31375,8
31377,8
31379,7
31382,5
31384,3
31389,8
31390,4
31393,8
31398,5
31399,7
31407,8
31408,4
31412,8
31413,4
31416,8
31418,8
31419,6
31421,8
31426,8
31427,4
31433,2
31434,8
31441,8
31446,2
31451,8
31452,8
31453,8
31454,8
31456,4
31458,5
31461,8
31462,4
31464,5
31467,8
31468,7
31471,7
31474,1
31475,6
31477,7
31479,6
31492,6
31494,8
31499,7
31510,8
31512,7
31517,8
31520,4
31531,2
31532,7
31534,7
31535,1
31537,8
31540,2
31541,4
31542,2
31549,7
31555,7
31566,7
31567,5
31570,7
31576,5
31583,1
31589,2
31594,6
31597,6
31599,2
31601,4
31605,5
31608,4
31609,4
31616,6
31620,5
31622,6
31624,3
31627,8
31630,6
31632,1
31635,7
31639,6
31643,7
31655,7
31659,5
31661,5
31666,2
31669,7
31670,8
31674,1
31681,2
31686,4
31689,5
31690,7
31693,6
31696,8
31697,7
31699,8
31701,7
31704,8
31709,5
31712,6
31716,8
31719,8
31720,7
31721,4
31722,8
31727,5
31728,7
31730,4
31733,4
31748,5
31753,8
31759,5
31769,5
31772,8
31778,8
31782,5
31800,3
31804,8
31815,7
31818,4
31819,6
31821,3
31826,6
31831,6
31832,8
31835,8
31836,8
31838,1
31840,8
31841,5
31844,2
31861,5
31863,1
31864,2
31868,8
31871,4
31876,8
31877,1
31880,3
31881,8
31890,2
31892,8
31896,1
31897,1
31899,7
31905,7
31908,4
31912,5
31920,8
31921,6
31927,8
31928,8
31932,8
31933,7
31934,5
31938,2
31943,7
31947,8
31952,8
31959,8
31966,8
31980,8
31981,7
31990,8
31994,4
32010,8
32013,2
32014,7
32024,8
32026,4
32031,8
32033,7
32037,3
32040,3
32042,4
32046,8
32048,8
32058,8
32059,8
32071,8
32074,8
32077,7
32084,8
32085,5
32086,8
32100,7
32105,8
32106,7
32107,3
32108,2
32110,7
32116,8
32120,6
32130,5
32134,1
32143,2
32144,8
32151,8
32153,8
32158,6
32165,7
32167,4
32169,8
32173,7
32174,7
32175,8
32178,2
32179,3
32181,8
32183,7
32190,8
32197,6
32201,8
32207,8
32208,8
32215,7
32217,8
32227,8
32232,1
32238,7
32239,7
32241,8
32246,7
32247,8
32248,2
32250,7
32253,4
32259,1
32265,2
32270,5
32271,7
32286,8
32291,7
32300,7
32309,8
32311,8
32328,8
32330,7
32341,8
32343,3
32361,7
32362,8
32365,8
32368,8
32374,5
32376,8
32379,8
32382,8
32385,5
32393,3
32396,2
32403,6
32407,7
32408,5
32410,7
32412,7
32418,8
32423,2
32424,8
32431,6
32434,7
32435,5
32443,8
32445,8
32447,1
32453,8
32456,7
32457,6
32462,7
32463,6
32465,1
32467,8
32470,5
32472,5
32474,7
32479,2
32488,5
32489,7
32492,4
32493,2
32496,7
32513,2
32516,8
32517,7
32518,5
32519,7
32520,8
32526,5
32532,8
32536,1
32542,8
32546,2
32548,8
32552,8
32554,8
32557,8
32561,8
32564,6
32565,6
32568,7
32582,2
32593,7
32594,8
32598,7
32600,8
32601,8
32609,6
32611,8
32614,4
32615,8
32617,3
32621,8
32624,8
32630,8
32631,3
32633,7
32634,5
32635,3
32642,8
32646,8
32647,2
32654,8
32657,8
32660,8
32663,8
32684,8
32686,8
32687,6
32692,8
32693,4
32694,2
32701,8
32702,5
32710,6
32712,4
32721,5
32723,8
32726,8
32728,7
32734,7
32745,8
32747,6
32754,8
32771,4
32772,8
32777,7
32782,5
32793,8
32794,5
32798,8
32802,4
32804,8
32805,2
32809,7
32814,4
32815,7
32820,8
32831,7
32832,5
32838,2
32840,5
32847,8
32848,8
32855,7
32858,7
32862,4
32877,6
32880,4
32882,8
32899,6
32904,5
32905,8
32917,2
32921,7
32923,8
32931,4
32933,4
32937,7
32939,8
32940,2
32948,8
32955,8
32958,1
32964,8
32966,5
32967,4
32972,7
32977,5
32981,4
32989,8
32990,3
32994,6
32995,5
33000,6
33007,8
33011,8
33012,8
33014,4
33020,7
33023,2
33034,5
33038,6
33042,8
33044,4
33047,2
33048,7
33055,4
33056,2
33062,7
33065,5
33068,2
33071,4
33075,5
33077,7
33084,5
33087,1
33112,3
33117,8
33119,7
33120,3
33129,8
33131,7
33139,4
33141,4
33148,7
33153,7
33164,5
33166,8
33167,2
33171,8
33180,7
33182,2
33185,2
33189,8
33191,7
33199,1
33203,3
33204,7
33209,2
33210,5
33211,5
33217,7
33231,8
33234,2
33236,8
33242,8
33246,8
33251,8
33253,2
33256,5
33258,1
33265,5
33268,3
33272,8
33273,6
33282,7
33285,2
33293,7
33298,8
33302,7
33303,8
33307,7
33314,8
33321,2
33336,2
33339,1
33342,4
33345,8
33354,4
33355,3
33364,7
33366,4
33372,5
33373,8
33374,8
33379,8
33393,7
33395,8
33402,8
33408,8
33409,7
33413,5
33414,4
33419,7
33425,7
33426,4
33430,7
33431,3
33445,8
33454,8
33456,1
33462,8
33465,2
33472,3
33476,8
33477,5
33479,7
33486,7
33487,5
33488,5
33491,8
33497,2
33501,8
33503,8
33506,5
33508,5
33512,8
33517,1
33518,7
33522,8
33523,6
33525,3
33526,7
33529,8
33541,8
33543,5
33549,7
33552,1
33560,1
33566,8
33567,5
33568,6
33569,7
33574,6
33585,8
33588,1
33589,4
33592,6
33594,8
33605,4
33606,8
33615,8
33620,8
33623,6
33629,7
33632,8
33635,5
33637,2
33639,5
33644,8
33646,1
33649,5
33654,1
33655,2
33659,8
33660,3
33661,7
33665,7
33668,7
33683,6
33684,4
33692,5
33696,8
33699,4
33701,8
33702,5
33707,7
33717,3
33724,1
33729,8
33739,7
33741,2
33747,1
33749,5
33751,7
33768,8
33771,7
33780,8
33785,7
33789,8
33793,8
33795,4
33802,2
33804,5
33809,8
33811,2
33815,7
33816,8
33821,7
33824,7
33826,2
33834,6
33835,4
33837,8
33838,7
33841,8
33842,8
33847,8
33849,6
33850,8
33851,7
33853,8
33862,5
33864,3
33867,5
33868,5
33870,8
33874,1
33877,4
33887,8
33889,8
33892,1
33902,8
33908,2
33917,3
33928,1
33939,1
33943,7
33944,5
33953,8
33954,2
33956,8
33958,5
33960,7
33963,2
33965,6
33966,2
33967,8
33969,1
33973,7
33984,6
33986,7
33987,8
33993,7
34003,8
34008,4
34012,7
34014,6
34019,6
34026,8
34038,8
34047,8
34050,5
34051,1
34058,4
34059,3
34061,8
34063,7
34064,8
34066,1
34077,2
34080,3
34081,6
34082,2
34088,6
34091,6
34093,7
34095,1
34096,4
34100,2
34102,8
34103,8
34108,5
34109,6
34121,6
34122,7
34124,5
34127,8
34130,3
34132,7
34136,8
34160,8
34163,7
34166,8
34174,7
34175,7
34183,5
34186,7
34191,5
34193,8
34194,1
34199,3
34203,8
34205,1
34207,3
34209,7
34210,4
34212,7
34214,4
34220,7
34222,8
34223,2
34231,7
34235,5
34238,8
34241,8
34243,8
34255,8
34256,2
34258,5
34262,7
34265,8
34268,8
34273,4
34279,8
34282,7
34286,2
34301,4
34303,8
34312,4
34315,8
34316,8
34317,8
34322,7
34325,5
34329,5
34330,2
34333,5
34337,7
34340,8
34341,8
34343,5
34353,7
34355,1
34357,8
34362,5
34365,5
34379,8
34382,8
34384,7
34385,8
34390,8
34404,7
34407,2
34408,7
34409,8
34415,6
34416,4
34418,8
34420,6
34422,7
34423,8
34427,1
34436,7
34439,5
34443,7
34448,5
34449,4
34450,8
34453,3
34470,4
34473,3
34475,7
34476,1
34483,8
34485,7
34494,7
34503,5
34505,6
34507,6
34512,5
34513,8
34514,8
34516,5
34517,7
34524,4
34526,5
34533,3
34535,8
34538,1
34543,8
34545,6
34548,4
34549,4
34558,7
34561,8
34573,8
34578,1
34582,1
34583,8
34584,3
34594,1
34600,8
34612,4
34613,6
34616,7
34619,5
34621,1
34627,8
34633,1
34634,7
34642,7
34644,8
34658,8
34668,5
34671,1
34675,2
34676,5
34686,8
34687,8
34692,2
34693,7
34711,8
34712,4
34722,2
34729,2
34731,2
34733,8
34735,8
34737,1
34738,8
34742,7
34746,2
34747,4
34750,8
34753,8
34755,5
34756,3
34759,7
34761,7
34773,7
34774,4
34783,5
34785,4
34793,2
34794,8
34796,8
34797,8
34806,8
34814,7
34817,7
34826,8
34828,8
34829,7
34832,7
34833,8
34836,3
34837,7
34838,5
34845,8
34846,3
34847,4
34859,1
34862,2
34865,8
34868,8
34878,3
34881,8
34885,7
34888,7
34892,8
34903,1
34904,2
34905,8
34907,7
34909,6
34912,8
34916,1
34923,7
34928,8
34931,5
34934,4
34935,8
34941,2
34944,8
34949,8
34953,7
34959,8
34962,8
34965,7
34975,1
34976,5
34978,7
34984,7
34986,7
34988,3
34990,6
34992,7
34993,5
34994,3
34997,8
34998,8
35000,7
35001,5
35003,4
35005,2
35010,8
35011,8
35014,8
35017,5
35025,8
35031,4
35034,2
35036,2
35038,8
35039,1
35040,7
35043,7
35045,8
35048,7
35054,4
35056,7
35058,8
35065,4
35066,5
35067,8
35069,4
35072,1
35074,6
35085,7
35086,1
35087,7
35089,7
35090,8
35095,3
35097,3
35101,8
35102,6
35103,8
35105,8
35106,8
35111,8
35118,1
35121,7
35135,8
35141,7
35142,8
35150,7
35152,8
35156,5
35160,4
35162,5
35163,8
35166,8
35169,4
35170,7
35171,2
35172,8
35175,8
35176,8
35182,8
35183,5
35187,6
35191,7
35195,1
35200,8
35201,4
35202,1
35205,5
35208,2
35210,2
35218,7
35227,7
35235,7
35236,8
35241,8
35251,5
35257,8
35260,7
35264,8
35271,7
35272,8
35277,8
35278,7
35279,6
35282,5
35289,6
35290,8
35292,8
35293,4
35294,8
35299,4
35311,6
35313,8
35321,8
35324,8
35325,4
35327,2
35329,8
35330,8
35337,1
35338,7
35342,3
35347,1
35349,8
35350,5
35353,8
35359,8
35361,2
35366,8
35367,2
35370,2
35375,7
35376,2
35385,8
35395,5
35397,7
35398,7
35401,8
35408,6
35413,8
35415,8
35417,4
35419,7
35427,5
35428,8
35437,5
35443,4
35444,1
35446,5
35448,8
35449,8
35450,8
35457,8
35462,8
35464,8
35467,8
35469,1
35473,5
35476,8
35480,3
35483,6
35484,8
35489,7
35492,8
35493,8
35494,1
35503,1
35506,7
35507,4
35518,5
35519,7
35523,2
35534,7
35542,7
35544,7
35554,7
35555,4
35556,1
35558,7
35560,1
35565,7
35566,7
35567,2
35569,6
35577,2
35582,5
35583,7
35586,2
35599,4
35608,3
35613,3
35623,8
35627,1
35630,7
35635,6
35638,7
35647,3
35649,6
35654,5
35657,8
35661,1
35662,6
35666,1
35676,8
35682,7
35692,3
35696,8
35697,3
35701,8
35718,7
35722,6
35724,4
35730,4
35738,6
35741,7
35744,7
35746,7
35749,7
35751,3
35757,1
35758,8
35762,7
35763,8
35764,8
35770,7
35778,7
35780,2
35787,7
35790,2
35796,8
35798,2
35800,8
35803,5
35809,4
35814,1
35817,6
35820,7
35826,6
35827,4
35833,8
35836,2
35841,7
35843,5
35844,8
35853,7
35854,5
35856,8
35857,8
35862,7
35869,1
35873,7
35875,7
35877,4
35880,8
35885,5
35888,8
35889,2
35890,7
35898,2
35903,1
35905,4
35911,8
35917,4
35923,3
35929,8
35936,8
35937,8
35939,4
35941,7
35942,8
35947,3
35949,8
35950,3
35952,4
35961,2
35968,8
35975,6
35988,7
35995,8
35996,7
36000,7
36004,8
36005,6
36028,3
36029,8
36030,8
36035,8
36040,7
36046,4
36048,2
36049,1
36051,7
36056,7
36065,8
36066,8
36068,8
36071,8
36080,8
36082,8
36084,4
36088,3
36089,8
36093,8
36094,1
36097,5
36102,1
36105,1
36108,3
36109,8
36119,3
36121,5
36124,2
36127,7
36133,8
36135,6
36141,8
36142,7
36147,4
36156,7
36158,8
36161,2
36162,5
36166,7
36170,1
36171,7
36172,1
36174,6
36182,8
36190,5
36191,2
36192,7
36199,8
36207,7
36211,8
36214,8
36222,5
36223,1
36225,8
36227,5
36235,8
36237,8
36238,7
36240,8
36242,8
36255,7
36256,5
36257,8
36260,3
36264,8
36265,3
36269,2
36272,8
36273,6
36277,2
36278,7
36283,4
36284,8
36287,8
36288,6
36292,8
36294,2
36297,8
36299,2
36300,3
36305,1
36306,3
36310,8
36312,7
36313,7
36319,5
36323,5
36330,8
36332,7
36333,5
36336,3
36340,3
36342,8
36343,8
36344,8
36350,4
36353,7
36356,7
36360,1
36366,8
36373,8
36376,8
36391,3
36397,5
36401,8
36418,3
36420,8
36424,5
36433,7
36434,7
36438,6
36439,7
36441,4
36445,8
36447,3
36449,5
36451,8
36459,2
36466,8
36468,7
36485,3
36498,8
36499,2
36506,4
36507,7
36508,4
36516,6
36517,7
36525,8
36527,1
36530,6
36531,8
36532,8
36557,2
36560,1
36570,8
36573,1
36574,6
36578,8
36582,2
36584,8
36585,8
36588,5
36589,8
36604,6
36623,8
36626,1
36634,2
36635,5
36644,4
36647,8
36657,8
36659,8
36660,5
36666,4
36668,4
36673,8
36674,8
36675,4
36681,8
36685,8
36690,8
36697,8
36706,7
36708,4
36720,8
36721,7
36727,5
36729,2
36730,8
36731,7
36735,6
36736,4
36740,5
36745,8
36747,8
36748,8
36753,6
36757,8
36758,8
36763,4
36764,8
36766,8
36771,7
36773,7
36788,2
36791,2
36799,8
36802,5
36805,7
36806,8
36809,2
36811,8
36815,8
36817,8
36822,8
36826,6
36829,7
36840,5
36841,7
36850,4
36851,7
36864,7
36865,8
36867,7
36869,8
36872,7
36889,2
36893,6
36896,4
36897,1
36900,8
36918,1
36921,8
36923,6
36925,1
36926,8
36927,7
36928,8
36929,6
36932,2
36933,8
36936,5
36937,4
36945,8
36948,6
36949,7
36952,4
36953,8
36956,7
36960,6
36974,7
36976,8
36977,7
36978,6
36979,8
36984,8
36986,8
36992,1
36993,7
37011,4
37014,8
37015,8
37016,8
37020,5
37021,7
37025,8
37034,8
37035,8
37045,8
37046,3
37047,1
37050,8
37055,8
37056,7
37061,7
37062,5
37077,3
37078,1
37079,8
37083,8
37091,8
37104,2
37109,7
37112,7
37114,8
37115,4
37117,7
37119,3
37120,1
37124,8
37126,1
37127,7
37129,8
37133,4
37134,8
37135,8
37136,7
37137,7
37149,6
37154,8
37165,8
37170,7
37174,3
37188,5
37194,3
37199,1
37202,5
37206,7
37215,8
37229,8
37230,5
37239,8
37242,8
37251,1
37258,3
37265,7
37267,8
37268,8
37271,4
37277,8
37282,1
37287,1
37288,8
37298,7
37304,1
37312,7
37314,3
37316,4
37318,7
37320,7
37321,4
37324,6
37325,8
37327,2
37334,8
37343,4
37347,8
37359,5
37363,8
37367,7
37368,7
37371,7
37373,8
37378,8
37386,7
37389,1
37392,8
37393,1
37397,2
37399,3
37401,2
37414,6
37417,2
37422,1
37423,6
37429,6
37430,8
37433,8
37437,7
37453,8
37454,8
37459,3
37462,8
37468,6
37469,4
37472,8
37473,1
37474,7
37477,6
37480,4
37481,6
37485,8
37488,8
37491,8
37494,8
37497,6
37501,2
37514,7
37519,7
37521,4
37528,8
37538,4
37543,5
37545,2
37551,2
37553,1
37557,2
37563,8
37566,2
37567,7
37568,7
37576,1
37577,7
37578,7
37580,7
37596,1
37597,5
37598,8
37602,8
37603,5
37606,1
37614,4
37619,7
37625,8
37626,5
37631,3
37634,1
37640,4
37643,8
37644,6
37646,6
37648,5
37653,7
37654,4
37662,6
37663,4
37665,8
37668,4
37670,2
37673,1
37674,6
37675,7
37681,8
37685,7
37687,8
37696,8
37704,2
37713,8
37714,8
37720,6
37723,4
37724,5
37733,8
37738,8
37746,8
37754,6
37755,8
37757,4
37768,5
37770,8
37782,8
37791,2
37802,8
37805,8
37810,8
37812,5
37819,8
37821,2
37823,8
37826,8
37830,7
37836,8
37843,2
37846,8
37847,8
37850,8
37855,5
37856,7
37861,1
37865,8
37866,8
37867,7
37869,2
37874,2
37877,5
37885,2
37886,7
37887,8
37892,8
37895,4
37896,8
37897,1
37899,1
37901,5
37903,8
37909,8
37912,7
37913,5
37920,6
37931,5
37936,8
37941,7
37944,5
37945,8
37949,8
37951,5
37952,1
37962,1
37964,2
37967,4
37970,7
37975,8
37976,4
37988,8
37990,8
37991,7
37993,3
37994,2
37995,8
37996,1
37999,5
38008,3
38011,7
38015,5
38016,8
38018,5
38021,5
38028,4
38029,2
38036,8
38037,2
38041,7
38046,6
38051,8
38054,8
38057,7
38060,7
38062,8
38067,8
38068,5
38073,5
38074,8
38076,8
38077,8
38079,7
38081,8
38083,5
38086,4
38089,8
38092,7
38097,8
38100,8
38103,6
38114,8
38117,7
38119,8
38121,1
38124,7
38129,5
38130,6
38132,8
38137,7
38141,8
38153,8
38154,8
38161,8
38163,2
38168,8
38177,8
38182,6
38183,5
38196,8
38201,2
38214,5
38215,7
38222,8
38236,6
38237,2
38238,8
38251,3
38252,4
38253,3
38255,3
38264,7
38266,8
38267,6
38269,8
38271,5
38272,8
38275,8
38277,2
38282,2
38283,1
38284,6
38288,7
38289,8
38300,8
38302,7
38304,8
38306,5
38307,8
38317,7
38319,4
38328,8
38342,7
38348,7
38354,1
38355,8
38356,6
38358,2
38368,3
38369,1
38396,8
38397,7
38399,8
38403,7
38407,8
38409,1
38412,8
38428,4
38429,6
38433,7
38434,7
38438,1
38465,8
38466,7
38470,7
38471,5
38474,4
38475,1
38484,2
38490,7
38499,6
38503,4
38505,8
38514,8
38516,6
38518,2
38522,3
38523,2
38526,8
38528,7
38530,6
38533,8
38537,8
38538,8
38544,7
38546,5
38555,8
38558,5
38560,5
38566,1
38573,8
38574,4
38576,7
38577,8
38583,7
38586,6
38593,8
38598,6
38601,8
38625,2
38626,8
38637,8
38642,8
38646,7
38649,8
38652,8
38653,8
38654,6
38656,7
38666,1
38667,5
38675,7
38678,7
38681,8
38703,8
38712,7
38715,8
38717,7
38732,8
38733,7
38735,5
38741,2
38746,7
38750,8
38767,6
38773,8
38775,6
38778,7
38779,3
38781,2
38784,7
38792,7
38801,8
38802,2
38811,5
38816,4
38818,4
38820,6
38822,2
38826,8
38838,8
38839,5
38844,2
38845,6
38848,4
38850,8
38851,4
38853,7
38867,8
38871,2
38878,8
38881,6
38883,2
38887,8
38893,8
38895,8
38901,8
38904,4
38917,7
38918,8
38919,2
38922,1
38927,7
38929,7
38942,2
38945,8
38946,6
38951,7
38958,5
38968,5
38971,8
38976,8
38978,8
38987,7
38988,4
38990,5
38991,6
38997,7
38998,7
39002,8
39015,7
39030,3
39031,2
39040,8
39042,8
39047,8
39049,4
39053,6
39060,8
39061,4
39066,7
39071,5
39073,8
39075,3
39076,7
39079,8
39082,5
39084,8
39086,8
39087,3
39090,4
39091,4
39096,8
39099,8
39102,7
39106,6
39108,5
39111,8
39114,4
39115,2
39117,8
39119,5
39123,2
39131,8
39146,2
39148,7
39149,1
39157,5
39160,4
39161,1
39163,8
39164,5
39177,5
39181,7
39186,4
39202,6
39205,8
39207,6
39208,8
39213,6
39217,8
39220,8
39228,4
39229,5
39233,1
39240,4
39244,3
39246,6
39249,8
39255,7
39256,5
39269,6
39274,7
39277,1
39288,6
39289,7
39290,6
39291,3
39293,7
39299,7
39307,6
39308,1
39316,7
39318,8
39319,7
39327,2
39337,2
39339,7
39342,8
39345,8
39353,8
39371,2
39373,5
39375,7
39382,7
39384,2
39387,8
39392,6
39395,2
39396,2
39402,8
39403,1
39406,4
39414,7
39418,1
39426,7
39428,3
39429,6
39432,2
39436,4
39439,8
39449,8
39452,6
39458,5
39460,4
39464,8
39466,5
39467,1
39470,1
39475,7
39476,8
39477,2
39481,7
39486,5
39489,5
39494,8
39496,6
39504,1
39506,2
39507,7
39508,7
39509,3
39514,5
39529,4
39532,7
39536,3
39539,5
39542,5
39545,5
39547,7
39548,2
39552,7
39555,8
39556,5
39557,7
39559,7
39586,2
39589,1
39595,7
39596,7
39597,5
39599,7
39605,2
39612,4
39615,8
39624,5
39626,5
39627,6
39633,5
39638,5
39643,6
39657,6
39659,8
39664,1
39665,7
39669,8
39691,4
39693,3
39698,8
39700,8
39709,8
39712,7
39713,3
39726,1
39730,8
39732,8
39740,8
39742,7
39755,5
39756,7
39759,4
39761,5
39763,7
39764,8
39769,5
39784,2
39786,4
39789,1
39790,2
39796,8
39797,2
39799,8
39802,4
39818,8
39825,8
39826,8
39830,7
39832,7
39833,8
39852,8
39853,7
39860,4
39865,7
39866,5
39867,7
39874,7
39882,5
39889,4
39893,6
39895,3
39898,8
39901,1
39907,8
39908,4
39910,5
39911,1
39924,8
39928,5
39929,7
39937,7
39939,2
39944,5
39948,8
39951,7
39958,2
39959,1
39967,8
39972,8
39975,8
39978,7
40004,7
40016,6
40026,3
40028,8
40036,5
40040,2
40041,7
40042,8
40043,7
40050,2
40052,8
40053,2
40061,8
40063,8
40078,2
40084,8
40085,5
40087,1
40090,5
40091,4
40093,1
40098,1
40099,4
40102,3
40104,8
40109,2
40113,8
40118,8
40122,7
40124,8
40125,6
40127,5
40129,7
40130,5
40131,8
40136,7
40146,7
40150,8
40151,3
40160,8
40162,8
40163,2
40171,7
40173,7
40181,2
40182,3
40184,8
40195,1
40197,7
40198,8
40209,6
40211,5
40212,8
40213,8
40224,7
40228,7
40237,8
40244,8
40250,4
40252,5
40257,7
40258,1
40262,8
40268,3
40273,1
40282,8
40285,1
40286,8
40298,8
40299,8
40311,7
40313,8
40314,8
40316,8
40317,4
40320,5
40327,8
40345,7
40346,7
40348,2
40357,8
40364,8
40367,4
40368,2
40376,5
40377,7
40378,2
40386,7
40388,8
40393,4
40405,2
40406,5
40413,8
40414,6
40415,8
40418,8
40423,1
40427,8
40428,6
40429,2
40432,1
40434,6
40435,3
40442,6
40447,3
40457,5
40458,8
40470,7
40471,6
40472,2
40477,6
40479,7
40483,3
40484,6
40486,6
40488,8
40492,5
40496,4
40498,5
40499,7
40504,1
40513,8
40514,4
40520,6
40523,7
40527,2
40537,7
40538,1
40540,1
40541,4
40548,8
40562,8
40563,8
40569,7
40570,5
40573,5
40574,4
40576,2
40577,7
40579,8
40589,7
40593,8
40599,8
40601,8
40610,5
40616,7
40624,4
40626,7
40630,4
40633,8
40644,4
40658,8
40663,7
40666,2
40673,2
40677,8
40680,7
40684,2
40690,8
40693,8
40702,3
40703,7
40704,2
40707,1
40709,5
40713,7
40723,2
40735,7
40742,8
40745,8
40749,8
40755,2
40762,8
40771,8
40773,8
40779,6
40783,3
40789,7
40791,7
40793,6
40795,8
40801,5
40815,2
40817,5
40822,5
40823,7
40825,7
40828,5
40833,8
40834,7
40847,8
40848,8
40854,8
40858,8
40859,7
40861,1
40864,8
40865,2
40866,7
40867,3
40871,8
40873,2
40881,6
40887,8
40898,5
40902,2
40905,8
40907,5
40908,8
40915,5
40923,3
40928,4
40929,4
40942,7
40947,7
40952,2
40958,5
40959,6
40960,4
40971,7
40979,8
40988,7
40989,8
40991,2
40993,4
41003,4
41006,4
41007,7
41008,7
41009,7
41015,7
41022,2
41023,8
41025,8
41026,4
41029,8
41030,7
41032,7
41036,4
41037,4
41038,8
41046,4
41053,7
41067,1
41069,7
41084,5
41089,4
41091,4
41095,6
41100,7
41102,4
41104,2
41109,1
41113,4
41119,4
41120,3
41126,8
41129,8
41141,4
41142,5
41147,2
41151,8
41155,1
41162,8
41169,7
41170,8
41175,8
41187,7
41190,8
41202,7
41207,8
41208,7
41214,5
41216,7
41218,2
41225,7
41226,8
41233,8
41240,7
41241,8
41242,5
41249,4
41251,8
41253,5
41254,8
41256,2
41259,8
41260,8
41261,3
41265,8
41274,8
41284,8
41296,7
41298,8
41300,8
41302,8
41311,7
41313,8
41314,6
41318,7
41320,6
41333,8
41353,8
41357,4
41360,7
41365,2
41370,7
41372,3
41375,2
41378,2
41379,8
41381,8
41382,5
41385,4
41392,5
41396,8
41406,7
41410,8
41419,4
41420,4
41421,2
41426,1
41429,2
41430,8
41444,4
41450,5
41451,2
41452,7
41454,5
41459,8
41463,8
41464,8
41465,7
41466,8
41467,1
41474,6
41478,7
41485,3
41488,2
41491,4
41503,8
41512,2
41516,2
41521,4
41525,7
41527,7
41531,7
41534,2
41535,6
41538,8
41542,2
41547,7
41548,5
41552,8
41560,5
41561,3
41567,7
41569,8
41578,8
41584,2
41587,2
41590,7
41592,2
41603,4
41608,8
41610,8
41617,7
41621,5
41622,3
41623,8
41626,8
41627,4
41630,8
41631,8
41632,7
41635,7
41647,2
41649,5
41651,8
41652,8
41653,6
41663,4
41670,8
41672,8
41673,8
41676,7
41677,3
41681,1
41685,3
41692,8
41695,4
41699,5
41702,8
41707,7
41708,8
41710,8
41713,8
41716,8
41718,1
41731,7
41735,2
41744,8
41746,7
41753,4
41754,8
41758,8
41759,7
41780,7
41785,2
41787,8
41803,3
41810,6
41812,7
41817,8
41824,8
41829,5
41844,7
41854,4
41855,2
41856,7
41860,8
41868,6
41870,8
41882,7
41885,8
41900,5
41901,5
41906,7
41909,4
41915,2
41923,7
41931,8
41935,7
41939,1
41942,8
41948,8
41950,8
41962,7
41969,8
41974,2
41977,7
41978,1
41980,4
41983,2
41988,4
41992,8
41994,6
41998,1
42003,2
42006,7
42008,5
42009,7
42015,8
42019,8
42020,5
42031,7
42035,2
42036,7
42042,2
42045,5
42049,7
42051,8
42052,8
42054,4
42057,4
42058,5
42059,7
42061,7
42067,1
42070,8
42071,6
42072,4
42076,7
42079,4
42080,8
42084,8
42085,3
42088,8
42089,3
42093,8
42096,2
42102,6
42119,5
42120,8
42121,7
42125,4
42135,8
42138,3
42143,4
42151,8
42156,8
42157,4
42164,4
42166,8
42168,3
42170,8
42175,4
42176,3
42178,8
42187,5
42200,4
42201,2
42204,8
42205,2
42206,5
42210,8
42212,4
42215,7
42219,7
42227,8
42229,7
42231,1
42238,8
42248,3
42250,8
42251,7
42252,1
42256,7
42257,7
42261,8
42278,2
42286,8
42292,8
42297,8
42299,4
42302,8
42307,3
42320,8
42322,4
42324,5
42326,5
42328,7
42329,1
42330,7
42331,1
42333,8
42334,8
42336,5
42340,2
42341,8
42345,1
42347,1
42349,7
42350,6
42354,8
42364,1
42366,6
42372,7
42392,2
42395,3
42400,7
42403,7
42417,7
42422,6
42429,7
42431,4
42432,8
42433,1
42437,7
42440,2
42443,5
42445,8
42447,8
42466,3
42471,5
42476,5
42488,7
42494,7
42502,8
42510,8
42513,8
42514,8
42516,7
42517,8
42521,8
42526,6
42530,8
42539,7
42541,4
42548,7
42549,6
42551,1
42552,6
42577,5
42580,7
42582,7
42589,8
42590,1
42591,7
42596,6
42597,8
42598,8
42600,8
42602,7
42612,1
42615,6
42618,2
42619,8
42620,4
42624,6
42629,8
42630,8
42637,8
42638,7
42642,8
42648,7
42650,5
42655,8
42670,8
42676,5
42679,7
42680,8
42681,7
42686,2
42688,2
42697,6
42700,2
42712,1
42726,1
42729,8
42731,8
42732,6
42735,7
42736,8
42742,7
42744,5
42746,7
42751,8
42756,8
42776,7
42785,5
42786,8
42794,8
42802,4
42806,6
42829,7
42831,2
42833,7
42834,2
42835,2
42837,5
42845,8
42847,4
42848,8
42849,1
42861,3
42864,7
42867,6
42869,7
42877,7
42881,2
42883,5
42886,8
42887,8
42890,2
42892,5
42898,8
42906,7
42908,4
42910,2
42913,1
42915,3
42918,7
42920,8
42921,8
42925,4
42930,1
42936,4
42937,5
42938,7
42940,8
42941,5
42942,6
42946,1
42950,2
42955,8
42957,8
42959,7
42960,3
42962,2
42963,7
42964,1
42965,8
42993,6
43002,8
43003,6
43006,8
43010,8
43012,8
43014,8
43016,4
43023,7
43030,4
43031,5
43032,5
43033,2
43034,8
43035,5
43042,7
43046,5
43048,7
43050,2
43052,6
43059,4
43061,7
43063,2
43066,7
43070,7
43078,5
43080,7
43084,5
43085,8
43087,8
43091,8
43102,4
43103,1
43105,2
43114,3
43117,1
43118,3
43121,8
43125,2
43132,2
43136,5
43138,6
43142,5
43148,3
43155,2
43167,4
43173,8
43186,7
43188,7
43190,2
43191,2
43194,2
43195,7
43196,5
43198,8
43203,8
43207,8
43218,8
43222,8
43226,8
43229,7
43238,5
43248,8
43252,5
43254,2
43257,4
43262,8
43263,8
43271,8
43273,7
43281,8
43285,8
43286,7
43288,8
43298,8
43301,7
43303,2
43306,5
43308,8
43309,4
43312,1
43314,8
43316,4
43320,8
43322,8
43323,8
43332,6
43334,5
43342,8
43343,7
43344,5
43350,4
43352,3
43353,7
43360,5
43361,8
43380,7
43391,7
43398,4
43399,8
43403,4
43407,1
43408,6
43413,5
43424,7
43425,5
43428,8
43429,8
43431,4
43432,8
43437,7
43444,6
43445,8
43446,7
43447,1
43452,8
43459,8
43465,8
43466,8
43470,8
43473,4
43475,8
43476,8
43477,1
43484,1
43488,8
43493,8
43497,6
43498,8
43500,8
43502,4
43504,4
43509,7
43510,7
43515,1
43517,4
43519,1
43520,8
43524,1
43532,1
43534,8
43535,8
43539,3
43540,8
43542,2
43546,8
43552,7
43554,8
43558,7
43570,8
43571,7
43577,8
43579,5
43580,5
43584,8
43595,8
43596,8
43599,2
43600,3
43602,8
43603,8
43605,8
43611,5
43612,5
43613,4
43619,4
43624,6
43626,6
43627,7
43629,7
43633,8
43635,7
43636,8
43641,6
43646,1
43655,7
43656,8
43663,8
43665,7
43668,8
43674,1
43677,6
43680,8
43685,2
43689,7
43692,6
43693,4
43694,6
43701,8
43705,8
43706,8
43710,5
43712,1
43720,8
43723,7
43724,8
43725,2
43736,1
43737,8
43738,2
43741,2
43744,8
43745,8
43751,1
43754,1
43756,8
43760,7
43762,8
43763,8
43765,8
43770,6
43774,8
43777,4
43786,7
43788,8
43790,5
43791,8
43794,7
43807,3
43808,8
43811,8
43813,7
43822,3
43825,7
43826,8
43830,2
43837,6
43839,7
43842,7
43844,5
43845,8
43852,7
43855,8
43866,8
43867,3
43873,8
43874,2
43879,4
43880,8
43890,7
43892,2
43894,1
43897,6
43904,2
43906,2
43908,4
43925,1
43929,2
43936,4
43943,7
43946,3
43948,8
43949,8
43953,8
43955,7
43956,8
43962,8
43963,6
43967,7
43970,5
43971,5
43972,8
43979,4
43981,7
43986,7
43988,2
43989,5
43993,7
43994,8
43996,2
43998,8
43999,8
44002,7
44003,8
44006,8
44007,2
44012,5
44013,8
44014,8
44031,8
44034,8
44038,4
44040,8
44041,7
44044,5
44047,7
44050,1
44056,8
44067,7
44071,3
44075,4
44081,6
44085,5
44087,5
44102,2
44103,7
44106,7
44109,8
44114,7
44119,5
44120,8
44126,8
44132,4
44133,7
44136,2
44137,7
44138,8
44140,2
44145,5
44146,6
44150,6
44159,7
44165,8
44166,8
44168,8
44178,4
44180,5
44183,6
44184,3
44188,8
44200,6
44211,8
44212,4
44213,7
44216,8
44217,6
44221,7
44226,4
44227,7
44230,6
44231,4
44236,1
44241,4
44243,6
44245,8
44252,4
44254,2
44255,8
44256,6
44264,7
44270,5
44272,8
44277,8
44283,8
44286,8
44287,2
44294,7
44297,1
44306,2
44317,8
44319,7
44320,7
44334,8
44337,7
44342,8
44346,8
44348,6
44349,4
44350,7
44352,7
44358,5
44359,1
44361,7
44368,7
44375,3
44381,7
44387,5
44389,8
44398,8
44400,1
44405,8
44413,8
44415,7
44428,2
44429,8
44431,5
44437,7
44439,8
44441,6
44443,8
44454,6
44457,8
44459,5
44466,3
44467,8
44469,8
44471,8
44475,3
44484,8
44494,3
44496,7
44499,8
44500,5
44504,7
44505,8
44506,2
44510,8
44513,4
44515,4
44522,6
44526,8
44531,1
44535,8
44537,1
44538,8
44559,8
44566,1
44569,8
44570,3
44580,8
44582,8
44592,8
44597,7
44599,8
44600,8
44606,1
44609,2
44611,7
44616,1
44620,6
44626,8
44627,6
44629,5
44630,2
44633,4
44635,4
44636,7
44639,8
44644,2
44653,5
44654,4
44655,7
44666,8
44667,1
44669,4
44671,5
44685,8
44687,8
44692,5
44698,2
44707,2
44717,3
44718,5
44722,8
44725,2
44727,1
44728,5
44731,5
44732,4
44736,8
44737,8
44743,7
44747,8
44749,6
44754,6
44756,8
44757,6
44761,8
44764,3
44766,8
44769,8
44771,7
44772,7
44776,4
44790,4
44794,4
44797,7
44798,8
44810,8
44811,5
44818,2
44819,7
44820,1
44827,8
44830,8
44835,4
44839,7
44840,8
44844,7
44856,3
44858,2
44869,6
44870,6
44875,4
44876,2
44877,3
44878,3
44881,4
44895,8
44909,8
44913,4
44915,8
44916,2
44917,2
44918,7
44919,8
44923,8
44933,8
44934,8
44937,6
44938,7
44939,8
44942,7
44943,4
44947,1
44950,6
44968,5
44970,6
44974,7
44982,8
44990,5
44992,3
44994,7
44995,7
44999,5
45003,8
45005,7
45006,7
45008,8
45010,8
45012,3
45013,8
45018,8
45019,2
45025,7
45026,7
45028,2
45029,6
45030,5
45032,8
45038,4
45039,2
45041,2
45045,3
45054,7
45057,6
45061,5
45064,4
45071,1
45076,7
45079,5
45083,3
45084,7
45085,1
45093,6
45095,5
45097,8
45099,7
45101,7
45102,8
45115,8
45119,5
45127,2
45128,2
45138,1
45141,5
45146,8
45151,4
45152,8
45155,7
45158,8
45169,7
45175,5
45183,7
45196,7
45198,7
45199,6
45200,7
45211,2
45213,4
45214,5
45216,7
45227,1
45234,8
45239,4
45240,2
45244,5
45246,7
45248,5
45251,4
45259,7
45263,4
45272,7
45282,5
45291,8
45294,5
45295,4
45301,3
45303,3
45305,6
45319,5
45321,7
45325,2
45333,1
45342,1
45343,8
45344,1
45345,8
45349,8
45350,6
45352,7
45355,7
45356,8
45357,8
45372,8
45373,2
45377,3
45378,7
45381,6
45383,8
45384,8
45389,8
45393,8
45395,8
45399,8
45400,8
45402,7
45408,8
45415,4
45419,8
45422,6
45423,2
45429,8
45431,5
45447,5
45448,5
45449,2
45450,4
45454,5
45456,2
45459,7
45460,5
45464,1
45465,8
45466,8
45467,4
45468,8
45472,2
45479,8
45480,8
45481,2
45496,6
45506,7
45512,8
45516,8
45521,8
45532,4
45534,7
45535,8
45540,8
45542,8
45544,1
45545,5
45550,7
45559,7
45560,3
45568,8
45573,5
45574,7
45575,7
45576,2
45577,7
45585,4
45590,5
45591,8
45593,5
45596,2
45597,3
45600,8
45601,8
45608,2
45611,7
45621,8
45622,3
45624,8
45625,4
45626,7
45630,3
45633,6
45635,7
45638,5
45647,8
45653,8
45654,7
45655,1
45656,5
45658,7
45659,1
45662,3
45663,7
45664,2
45668,7
45677,3
45688,7
45696,8
45701,8
45702,7
45704,7
45705,7
45711,7
45712,8
45713,2
45715,7
45718,7
45727,1
45737,8
45741,8
45744,5
45746,6
45747,6
45748,8
45757,8
45766,7
45768,6
45771,8
45772,1
45774,5
45775,2
45777,8
45778,8
45787,8
45790,8
45791,4
45797,4
45802,8
45804,7
45814,3
45815,6
45816,2
45820,8
45821,7
45823,7
45824,6
45825,5
45826,8
45828,4
45830,4
45834,6
45841,3
45846,5
45847,5
45852,5
45853,8
45859,7
45860,8
45861,7
45862,5
45864,3
45865,7
45866,6
45869,3
45879,5
45880,8
45883,4
45884,5
45890,8
45892,4
45895,5
45897,8
45898,2
45900,6
45903,5
45904,2
45910,8
45922,5
45923,6
45928,8
45936,5
45938,8
45944,2
45945,5
45948,5
45951,1
45952,8
45957,8
45968,5
45970,5
45972,8
45975,8
45976,5
45977,7
45985,4
45986,7
45987,5
45988,1
46003,4
46006,6
46008,8
46011,7
46021,1
46039,8
46041,1
46044,8
46047,7
46050,7
46063,1
46064,2
46075,6
46076,7
46083,8
46084,8
46086,5
46087,1
46089,1
46093,8
46094,8
46095,8
46101,7
46106,8
46110,8
46112,6
46117,7
46122,2
46125,2
46128,8
46132,7
46134,7
46155,5
46159,2
46164,8
46165,5
46168,8
46176,3
46177,8
46181,4
46182,7
46187,6
46188,7
46192,7
46193,7
46194,8
46196,7
46202,8
46204,3
46208,8
46210,4
46211,7
46212,5
46215,5
46218,7
46223,4
46226,5
46228,5
46232,1
46233,5
46235,7
46236,4
46243,6
46244,2
46247,8
46256,7
46259,1
46260,4
46265,8
46266,5
46269,7
46272,6
46276,8
46295,2
46305,8
46308,3
46322,5
46325,4
46329,1
46335,7
46337,8
46343,7
46351,3
46352,8
46353,8
46358,4
46363,4
46371,8
46372,7
46373,6
46379,1
46381,6
46386,2
46388,8
46389,8
46391,8
46398,6
46404,2
46406,8
46420,8
46422,8
46429,1
46432,8
46436,8
46437,2
46439,8
46440,2
46445,8
46455,8
46460,7
46466,1
46467,8
46478,8
46480,2
46494,8
46502,2
46504,7
46513,7
46517,8
46519,7
46520,6
46521,5
46524,7
46525,6
46527,5
46532,1
46534,8
46541,8
46544,6
46547,8
46549,8
46550,5
46558,5
46560,5
46562,8
46563,7
46564,1
46580,7
46583,8
46586,8
46593,4
46594,4
46595,7
46601,7
46604,7
46611,8
46613,5
46621,3
46626,4
46631,4
46633,2
46644,8
46646,8
46650,8
46658,5
46660,1
46663,8
46664,8
46666,5
46668,5
46669,8
46672,8
46673,5
46674,8
46678,2
46683,8
46686,5
46692,7
46694,8
46699,5
46701,8
46707,8
46711,8
46719,7
46722,1
46727,4
46731,3
46733,7
46736,6
46744,5
46753,8
46765,8
46767,7
46773,4
46782,2
46794,7
46795,4
46797,1
46808,5
46809,7
46813,8
46821,8
46826,4
46830,2
46838,7
46840,8
46841,7
46842,5
46844,8
46847,7
46848,6
46849,8
46852,7
46861,8
46864,1
46870,3
46874,7
46876,7
46881,4
46884,5
46887,4
46891,8
46892,6
46893,8
46897,7
46901,5
46903,1
46907,5
46910,6
46913,1
46914,7
46918,5
46919,7
46920,7
46923,8
46928,7
46931,2
46934,7
46938,8
46941,6
46949,8
46957,8
46965,2
46970,5
46972,7
46973,8
46974,8
46982,2
46983,8
46984,7
46985,8
46994,6
46996,5
46997,1
47021,3
47029,3
47034,8
47039,4
47043,4
47044,7
47050,8
47064,4
47070,7
47075,8
47080,8
47082,8
47083,4
47091,5
47096,7
47102,6
47105,5
47109,6
47110,8
47111,7
47115,7
47118,2
47119,8
47126,4
47128,5
47129,7
47133,6
47136,2
47158,5
47160,3
47166,1
47177,8
47186,5
47200,4
47203,5
47210,5
47212,5
47213,8
47217,8
47218,7
47219,5
47222,8
47231,8
47235,7
47239,7
47243,8
47244,8
47250,2
47257,5
47264,8
47265,3
47268,8
47270,7
47274,2
47275,7
47277,8
47282,8
47286,7
47295,2
47296,8
47303,5
47304,8
47305,2
47310,6
47312,3
47315,8
47320,7
47326,2
47332,5
47333,8
47334,2
47337,7
47340,3
47360,8
47362,6
47364,1
47365,8
47366,2
47367,3
47369,7
47381,7
47382,4
47383,3
47384,5
47388,2
47390,7
47392,7
47393,3
47395,8
47397,7
47402,5
47405,4
47411,8
47413,8
47414,8
47417,2
47421,8
47429,4
47432,6
47433,7
47465,1
47469,8
47472,8
47473,2
47474,6
47486,5
47495,1
47503,7
47509,8
47513,8
47517,8
47520,6
47525,7
47531,6
47536,7
47543,8
47549,1
47560,8
47563,4
47564,7
47565,8
47566,8
47568,8
47569,8
47573,8
47580,2
47584,8
47585,8
47586,3
47587,7
47588,8
47590,8
47593,2
47595,4
47596,8
47597,6
47599,6
47601,1
47603,7
47611,5
47628,4
47629,7
47633,7
47636,5
47641,2
47642,7
47643,8
47647,5
47651,8
47657,7
47660,8
47669,5
47671,1
47673,8
47674,6
47678,7
47680,7
47682,1
47689,3
47692,7
47693,1
47694,5
47697,6
47699,4
47704,5
47708,8
47721,5
47725,8
47727,8
47729,7
47737,8
47739,2
47740,7
47741,4
47745,6
47747,6
47754,5
47757,8
47771,8
47774,1
47781,7
47783,1
47788,8
47789,8
47798,7
47802,8
47803,2
47808,8
47810,8
47811,6
47813,2
47814,8
47819,4
47822,8
47823,8
47828,8
47832,4
47836,7
47844,4
47847,8
47853,4
47858,7
47862,3
47863,8
47864,4
47867,7
47874,8
47876,2
47881,2
47886,5
47890,5
47891,6
47892,8
47894,7
47903,4
47906,7
47913,8
47914,8
47920,8
47925,8
47926,2
47934,8
47938,1
47939,8
47942,7
47947,6
47948,2
47953,5
47957,8
47958,3
47959,7
47962,4
47964,7
47968,8
47969,2
47992,7
47998,5
48011,5
48016,3
48017,8
48021,3
48022,6
48023,2
48025,8
48031,1
48032,8
48033,3
48037,7
48039,7
48054,4
48057,2
48063,2
48065,8
48066,3
48068,6
48072,7
48075,8
48078,7
48079,5
48081,2
48082,2
48084,8
48085,7
48086,8
48089,7
48092,4
48095,7
48096,8
48097,7
48103,5
48112,8
48113,6
48120,5
48121,7
48125,1
48131,2
48133,8
48136,4
48141,1
48144,8
48149,2
48156,7
48161,2
48162,5
48169,7
48170,3
48171,1
48172,6
48174,6
48178,6
48181,2
48184,7
48185,8
48190,1
48192,7
48197,2
48206,8
48216,7
48217,8
48222,8
48223,8
48226,1
48228,3
48231,1
48240,8
48241,7
48243,3
48254,7
48258,3
48264,7
48265,8
48267,8
48269,7
48273,7
48279,6
48288,1
48293,8
48294,8
48296,8
48300,2
48305,5
48307,3
48310,6
48311,8
48316,8
48320,3
48330,3
48331,8
48332,7
48335,8
48336,3
48342,6
48360,8
48362,4
48365,8
48368,4
48372,5
48380,5
48381,2
48382,7
48383,8
48391,5
48392,8
48401,7
48403,7
48405,5
48418,4
48419,8
48420,5
48424,1
48425,8
48426,8
48427,1
48428,7
48430,2
48433,7
48441,8
48445,8
48457,5
48458,8
48461,1
48464,7
48472,7
48480,7
48483,1
48491,1
48496,7
48498,3
48506,8
48507,4
48518,2
48520,3
48522,8
48526,1
48527,8
48537,2
48543,2
48549,7
48555,8
48556,2
48563,8
48564,5
48570,8
48571,3
48575,7
48582,6
48595,1
48600,3
48603,1
48604,6
48611,8
48613,8
48621,1
48622,2
48625,3
48627,8
48640,6
48646,7
48648,7
48649,6
48651,8
48654,7
48655,8
48657,7
48661,2
48668,8
48669,7
48677,5
48680,2
48681,2
48683,8
48684,8
48686,8
48693,8
48696,7
48700,1
48706,5
48710,5
48712,5
48716,1
48717,5
48719,8
48720,7
48723,8
48725,7
48727,5
48736,7
48744,5
48750,7
48751,5
48753,6
48756,8
48757,4
48759,3
48760,7
48774,1
48778,8
48779,5
48782,4
48789,2
48790,7
48794,8
48801,6
48802,8
48807,4
48808,8
48810,7
48814,8
48817,5
48818,5
48820,8
48821,7
48832,5
48839,1
48849,6
48853,8
48860,7
48865,1
48866,8
48879,5
48880,8
48890,8
48892,8
48895,8
48897,5
48900,8
48902,8
48907,4
48909,8
48911,7
48923,8
48925,1
48927,7
48936,8
48947,2
48950,8
48955,8
48962,4
48976,3
48977,2
48986,4
48999,7
49005,8
49007,2
49010,8
49011,7
49012,8
49014,4
49015,8
49016,2
49023,8
49024,7
49032,7
49036,5
49037,4
49045,7
49051,2
49052,7
49057,2
49059,7
49062,6
49072,3
49078,8
49084,8
49088,3
49093,8
49094,3
49100,5
49104,7
49109,4
49120,7
49123,7
49124,7
49128,8
49131,2
49140,2
49142,8
49146,2
49148,5
49153,7
49155,8
49166,8
49167,1
49170,8
49174,2
49178,7
49183,6
49185,8
49187,8
49191,8
49206,8
49210,8
49213,8
49215,6
49218,8
49229,7
49232,4
49235,7
49241,4
49247,1
49253,8
49255,3
49257,2
49259,1
49261,8
49263,8
49275,7
49276,5
49277,4
49283,7
49290,4
49293,8
49295,8
49296,4
49297,5
49303,1
49305,1
49307,7
49313,8
49315,8
49317,8
49319,8
49321,7
49326,8
49331,8
49332,4
49333,7
49340,7
49347,6
49349,3
49350,8
49352,6
49356,1
49357,2
49359,8
49360,8
49365,7
49368,5
49371,6
49372,7
49378,8
49385,8
49392,1
49393,4
49395,2
49396,1
49398,8
49400,8
49404,5
49411,2
49414,3
49415,6
49424,1
49430,6
49432,8
49433,5
49435,5
49439,8
49441,6
49444,6
49447,7
49448,7
49449,8
49455,5
49457,7
49460,7
49469,5
49472,8
49473,6
49483,7
49486,6
49491,8
49504,8
49509,4
49515,5
49519,7
49531,8
49539,4
49545,8
49548,3
49552,2
49560,8
49561,4
49564,5
49565,7
49573,8
49574,4
49577,8
49578,7
49579,6
49582,5
49583,8
49589,5
49590,4
49591,7
49592,8
49604,6
49611,7
49626,8
49629,1
49631,8
49635,8
49636,2
49641,4
49645,8
49647,8
49662,7
49664,2
49670,1
49676,8
49679,4
49682,1
49685,4
49698,7
49703,3
49704,8
49708,6
49712,8
49715,4
49718,8
49725,7
49727,6
49730,8
49735,7
49745,2
49749,7
49761,8
49766,3
49767,8
49771,5
49780,4
49785,8
49789,2
49791,4
49795,5
49800,3
49817,8
49824,7
49825,6
49829,6
49830,8
49831,1
49834,7
49839,7
49840,6
49843,2
49854,5
49855,8
49856,5
49857,4
49859,4
49861,8
49864,7
49867,8
49873,8
49874,8
49880,7
49881,1
49893,3
49898,8
49912,6
49916,7
49925,1
49929,7
49938,1
49945,8
49948,6
49953,5
49958,7
49960,8
49963,6
49964,2
49966,4
49969,8
49970,8
49973,2
49974,5
49975,1
49977,3
49978,8
49981,4
49982,6
49988,1
49993,7
50000,4
50001,7
50002,3
50005,7
50011,5
50024,3
50025,6
50027,3
50034,2
50036,1
50040,8
50041,8
50053,6
50063,4
50064,8
50065,7
50068,7
50069,8
50071,4
50072,2
50076,7
50078,8
50079,8
50090,2
50097,8
50104,5
50105,8
50106,6
50108,1
50109,8
50110,2
50114,1
50119,7
50121,8
50124,8
50126,6
50128,8
50132,5
50136,1
50138,8
50139,2
50140,5
50141,8
50145,8
50151,8
50152,3
50153,7
50154,4
50156,7
50157,4
50158,7
50168,7
50173,7
50174,8
50176,8
50181,7
50192,8
50198,8
50199,7
50201,2
50202,8
50204,7
50220,6
50221,1
50231,8
50236,1
50239,7
50240,7
50241,2
50245,3
50247,2
50249,7
50250,8
50261,7
50264,7
50280,7
50286,2
50293,4
50302,8
50305,7
50318,3
50320,7
50325,8
50326,8
50331,2
50333,8
50341,1
50344,7
50345,1
50346,7
50347,7
50348,2
50350,6
50352,1
50361,6
50364,8
50367,3
50371,4
50375,8
50377,6
50402,8
50405,1
50406,2
50409,4
50413,5
50416,7
50418,2
50437,3
50451,2
50454,7
50457,5
50460,1
50461,1
50463,2
50467,7
50471,6
50476,5
50480,4
50491,8
50496,2
50502,8
50507,2
50509,1
50512,8
50514,5
50519,7
50521,3
50524,4
50532,8
50546,8
50547,7
50548,4
50550,7
50552,6
50562,2
50575,6
50577,8
50580,4
50584,5
50591,3
50594,1
50604,7
50607,7
50610,2
50619,7
50624,8
50628,8
50629,6
50633,5
50635,8
50636,4
50639,8
50643,7
50644,8
50646,6
50647,4
50649,7
50654,6
50658,1
50664,8
50667,8
50671,2
50673,8
50675,8
50676,8
50678,4
50681,8
50684,5
50690,6
50692,4
50697,3
50699,7
50700,4
50701,8
50704,4
50705,7
50708,5
50710,7
50713,7
50722,4
50724,8
50730,8
50733,7
50746,6
50747,2
50750,8
50755,4
50760,8
50766,7
50770,2
50773,8
50777,7
50793,4
50803,1
50804,8
50806,7
50807,6
50809,7
50814,1
50820,7
50826,8
50835,4
50838,7
50840,6
50849,1
50852,1
50855,1
50859,8
50860,2
50861,2
50866,5
50867,8
50870,8
50872,5
50876,8
50882,7
50883,8
50887,7
50893,8
50896,8
50900,8
50903,8
50905,7
50907,5
50911,2
50913,1
50920,8
50924,8
50927,8
50931,1
50939,3
50940,5
50941,4
50943,3
50946,7
50949,1
50952,8
50966,5
50967,8
50971,7
50984,7
50988,6
50992,7
50994,8
50995,3
50998,3
51004,8
51005,3
51007,7
51009,7
51014,8
51018,7
51020,3
51024,8
51030,6
51033,2
51036,5
51037,8
51044,7
51049,6
51050,1
51058,8
51059,8
51060,2
51062,7
51070,7
51071,7
51072,8
51083,7
51085,4
51086,8
51091,6
51100,4
51101,8
51105,6
51108,8
51109,7
51114,3
51116,3
51134,2
51135,8
51136,8
51137,8
51142,8
51158,7
51159,4
51162,5
51168,8
51169,2
51172,7
51174,1
51177,6
51179,3
51184,2
51186,7
51191,2
51192,8
51193,8
51201,8
51202,7
51207,3
51208,6
51210,6
51215,4
51217,8
51219,3
51220,8
51227,5
51229,8
51231,6
51240,7
51244,6
51246,7
51248,8
51251,8
51254,8
51256,8
51262,6
51274,4
51282,7
51283,6
51284,1
51286,7
51295,5
51296,8
51298,4
51299,7
51301,8
51302,5
51303,3
51305,8
51313,8
51319,4
51323,8
51329,8
51336,7
51342,5
51345,8
51357,5
51362,8
51365,5
51371,8
51373,7
51382,8
51386,5
51388,8
51389,2
51390,7
51396,5
51398,8
51401,4
51422,6
51428,4
51440,8
51441,4
51447,5
51448,8
51449,7
51464,8
51469,1
51479,8
51480,7
51483,1
51494,1
51496,8
51498,7
51504,1
51506,4
51507,6
51509,8
51511,4
51512,7
51513,4
51517,1
51521,7
51523,7
51525,8
51537,8
51541,5
51547,5
51551,5
51557,3
51559,2
51563,7
51569,3
51572,7
51577,6
51578,8
51580,7
51586,2
51595,4
51598,3
51599,2
51609,3
51613,8
51615,3
51616,7
51634,8
51635,8
51639,8
51640,5
51645,1
51650,8
51659,1
51661,4
51663,7
51666,4
51673,7
51677,8
51678,3
51681,2
51684,3
51685,2
51688,8
51695,7
51696,5
51698,1
51702,7
51704,5
51707,8
51709,5
51710,1
51717,3
51726,8
51727,2
51733,1
51735,4
51736,7
51742,8
51751,7
51764,7
51766,8
51769,8
51772,8
51774,3
51779,8
51787,2
51789,6
51790,8
51795,4
51801,7
51802,1
51806,8
51808,7
51815,7
51816,7
51817,2
51819,8
51825,4
51827,1
51838,8
51840,2
51842,2
51843,7
51844,3
51848,8
51850,2
51852,7
51853,8
51854,8
51857,1
51862,3
51863,3
51865,8
51866,7
51867,6
51868,1
51874,3
51875,8
51876,8
51880,2
51884,6
51891,7
51893,8
51902,7
51904,1
51908,4
51910,5
51912,7
51936,8
51941,7
51943,8
51945,5
51949,7
51954,6
51956,7
51959,7
51964,5
51970,7
51973,4
51977,7
51984,2
51986,2
51987,1
51992,6
51994,1
51996,3
51997,2
51999,4
52005,8
52009,8
52015,5
52018,7
52027,8
52031,6
52032,7
52036,5
52037,8
52045,2
52047,5
52053,8
52054,8
52058,7
52060,8
52062,7
52063,4
52064,3
52066,8
52071,8
52074,4
52076,8
52093,8
52095,6
52103,4
52106,6
52119,5
52127,8
52143,6
52148,8
52155,8
52164,1
52167,1
52168,8
52176,8
52179,4
52181,1
52182,7
52184,7
52187,8
52189,6
52195,4
52199,8
52201,7
52204,8
52206,5
52207,5
52219,8
52222,8
52225,7
52226,7
52237,8
52238,1
52239,7
52241,3
52245,8
52246,8
52249,8
52252,1
52255,2
52257,2
52259,4
52264,8
52268,4
52272,8
52274,3
52279,8
52282,8
52283,7
52285,4
52286,7
52299,1
52303,7
52310,8
52321,5
52322,7
52326,4
52331,8
52332,7
52338,8
52340,7
52351,7
52357,7
52360,1
52371,8
52372,7
52373,4
52374,2
52380,1
52387,8
52388,8
52401,8
52408,1
52411,8
52412,8
52414,8
52418,8
52420,7
52424,8
52437,8
52441,2
52443,8
52446,1
52447,7
52454,7
52455,8
52456,2
52459,8
52478,6
52480,7
52489,7
52490,8
52491,6
52500,8
52504,8
52506,8
52508,4
52511,8
52512,5
52514,7
52515,8
52516,5
52518,7
52519,5
52523,5
52531,5
52533,7
52534,1
52535,2
52536,5
52539,8
52544,7
52547,8
52548,7
52550,2
52554,5
52557,8
52559,7
52561,5
52565,1
52567,4
52571,7
52574,7
52575,2
52582,6
52589,8
52590,7
52597,8
52599,7
52600,2
52601,4
52603,2
52606,2
52608,2
52609,8
52610,6
52611,8
52618,8
52623,6
52626,8
52630,7
52634,2
52635,8
52639,8
52650,6
52653,3
52655,6
52659,7
52662,7
52672,7
52673,4
52679,8
52680,8
52689,7
52699,7
52701,7
52704,8
52706,3
52709,8
52713,5
52720,8
52723,7
52725,8
52732,7
52734,7
52735,5
52747,8
52748,3
52750,4
52751,8
52758,8
52760,3
52768,6
52769,5
52771,5
52776,8
52778,8
52779,8
52781,5
52784,6
52788,8
52791,7
52793,6
52800,5
52801,3
52802,7
52803,8
52804,3
52805,8
52806,7
52812,8
52816,7
52818,8
52826,8
52836,2
52837,8
52839,8
52840,2
52841,4
52843,6
52844,6
52854,4
52856,7
52857,6
52860,8
52878,8
52879,8
52880,2
52883,6
52885,7
52888,6
52889,8
52894,4
52898,7
52905,2
52908,7
52913,8
52915,5
52916,6
52917,5
52921,7
52922,6
52932,5
52937,8
52938,5
52940,7
52951,7
52953,8
52956,4
52961,7
52969,8
52976,8
52982,7
52984,7
52985,7
52992,7
53004,7
53008,2
53012,8
53022,8
53025,2
53028,4
53029,2
53030,4
53031,8
53032,2
53044,8
53046,8
53059,7
53060,2
53062,6
53066,8
53071,8
53072,5
53076,2
53081,8
53084,6
53089,8
53090,1
53092,5
53095,8
53096,6
53097,6
53104,4
53113,1
53116,7
53117,8
53119,8
53123,7
53128,6
53132,1
53137,5
53138,7
53143,8
53144,8
53152,8
53154,7
53158,7
53159,8
53166,5
53170,5
53172,6
53177,6
53178,4
53179,6
53187,8
53189,8
53190,5
53196,7
53199,5
53202,7
53210,7
53214,2
53224,6
53226,2
53238,4
53245,7
53247,4
53253,8
53255,8
53257,1
53261,8
53263,8
53265,3
53267,3
53279,5
53288,2
53289,7
53293,4
53294,8
53300,1
53301,7
53312,8
53316,2
53318,2
53320,8
53322,7
53323,8
53324,8
53332,1
53334,3
53336,8
53340,1
53342,7
53344,4
53346,5
53347,4
53354,3
53369,2
53379,8
53380,1
53384,2
53387,8
53388,8
53394,8
53397,4
53400,7
53403,8
53408,4
53410,8
53412,8
53419,8
53420,7
53427,3
53432,8
53433,8
53436,8
53438,7
53443,8
53450,6
53452,2
53457,5
53465,3
53467,7
53468,8
53478,4
53480,7
53484,3
53485,4
53490,7
53497,8
53505,6
53508,8
53511,6
53513,2
53517,7
53518,7
53520,7
53521,1
53522,5
53523,2
53529,6
53533,5
53537,6
53538,8
53545,8
53546,8
53549,6
53553,7
53554,3
53561,8
53564,1
53573,3
53575,7
53582,4
53584,2
53586,7
53589,8
53595,8
53601,8
53602,8
53614,2
53620,6
53621,4
53622,4
53626,2
53627,3
53628,8
53635,8
53643,7
53647,2
53649,3
53658,7
53659,8
53660,7
53663,8
53666,8
53672,6
53675,2
53676,7
53680,7
53681,6
53686,8
53692,8
53695,8
53703,2
53705,5
53706,6
53710,2
53711,1
53716,2
53727,2
53734,2
53735,8
53736,5
53738,8
53740,3
53743,8
53744,8
53745,8
53752,6
53753,6
53757,7
53766,7
53779,5
53780,8
53785,7
53787,2
53789,7
53792,8
53794,8
53795,7
53796,7
53797,8
53809,7
53816,4
53820,2
53826,7
53827,1
53838,1
53839,8
53842,8
53850,7
53852,6
53856,4
53857,7
53860,8
53861,8
53862,1
53869,1
53872,2
53879,7
53884,1
53888,8
53890,7
53891,3
53893,6
53895,8
53898,8
53899,7
53902,6
53904,4
53911,2
53912,2
53917,6
53921,2
53924,8
53926,2
53933,7
53935,3
53936,8
53939,3
53943,8
53948,7
53949,7
53955,8
53957,7
53958,4
53959,8
53963,4
53964,2
53973,3
53974,4
53977,2
53979,5
53982,3
53985,8
53992,4
53995,8
53996,6
53998,3
54004,8
54008,8
54009,8
54021,7
54026,8
54028,8
54029,2
54047,7
54048,6
54052,8
54053,6
54059,7
54062,5
54065,7
54071,7
54079,7
54080,4
54084,3
54085,5
54087,2
54088,8
54094,3
54095,8
54106,7
54113,8
54114,8
54115,3
54118,7
54125,8
54128,7
54129,4
54139,5
54146,8
54149,6
54157,4
54159,6
54160,2
54162,4
54163,8
54166,3
54169,7
54170,5
54172,7
54174,3
54177,5
54178,4
54180,8
54191,8
54194,5
54196,4
54198,5
54205,1
54206,8
54213,5
54216,8
54227,8
54231,8
54235,1
54236,1
54239,5
54240,8
54245,2
54247,7
54250,4
54258,7
54260,3
54261,4
54262,5
54263,8
54268,8
54269,3
54270,8
54272,8
54279,1
54280,1
54287,1
54291,8
54298,8
54301,1
54302,6
54313,8
54315,7
54320,2
54328,8
54332,8
54333,2
54334,8
54341,7
54352,8
54356,7
54377,3
54387,7
54390,5
54391,3
54393,8
54398,8
54406,7
54408,8
54409,2
54411,8
54413,5
54426,5
54428,2
54430,2
54434,8
54437,1
54438,3
54439,1
54440,8
54441,4
54447,7
54451,8
54454,7
54458,7
54466,2
54467,8
54473,3
54474,8
54477,6
54478,1
54481,1
54485,4
54491,7
54492,8
54498,8
54502,4
54505,7
54508,6
54509,5
54517,7
54518,3
54524,8
54525,8
54530,7
54536,5
54537,7
54544,7
54551,4
54553,8
54557,8
54558,3
54560,8
54563,7
54564,7
54571,7
54578,5
54582,1
54595,4
54596,8
54598,2
54600,8
54604,7
54609,5
54611,3
54612,8
54618,8
54619,8
54621,8
54623,8
54626,8
54628,4
54637,8
54639,4
54641,2
54643,7
54654,6
54656,5
54657,6
54658,2
54666,4
54678,8
54683,8
54691,8
54694,5
54695,3
54701,8
54705,8
54711,1
54714,5
54722,3
54726,7
54732,8
54733,8
54737,8
54738,7
54739,4
54745,2
54746,8
54750,2
54752,5
54756,7
54757,8
54758,1
54761,1
54763,7
54773,8
54782,8
54783,3
54796,6
54800,7
54810,8
54813,7
54815,3
54822,4
54830,7
54831,3
54832,8
54833,8
54835,8
54846,7
54849,7
54850,8
54866,8
54878,8
54879,2
54888,8
54889,3
54890,5
54892,8
54907,5
54913,6
54923,2
54924,4
54925,5
54927,8
54928,5
54931,4
54937,2
54945,6
54947,5
54948,7
54951,8
54952,8
54955,8
54957,7
54967,7
54970,8
54972,2
54974,5
54975,1
54985,6
54989,5
54992,5
54997,5
54999,4
55000,4
55004,8
55007,6
55014,7
55019,8
55020,7
55024,5
55026,2
55029,1
55030,5
55042,5
55046,6
55049,8
55051,8
55053,8
55057,5
55060,4
55065,8
55066,1
55079,5
55081,4
55085,7
55087,2
55088,8
55106,4
55108,7
55112,7
55115,8
55119,8
55120,8
55121,3
55123,4
55126,5
55127,2
55128,5
55129,7
55130,7
55132,5
55136,3
55137,8
55138,8
55143,8
55144,8
55147,4
55153,6
55158,7
55159,7
55162,8
55173,7
55176,8
55177,7
55179,8
55185,1
55190,8
55196,6
55199,1
55200,8
55206,2
55208,7
55209,8
55220,8
55221,8
55224,7
55229,2
55232,8
55246,8
55252,7
55263,4
55270,8
55275,8
55276,7
55279,5
55280,7
55287,8
55295,3
55296,5
55301,5
55302,1
55315,4
55318,6
55322,1
55325,2
55333,2
55337,6
55339,1
55340,2
55343,2
55347,1
55358,5
55361,7
55367,1
55372,5
55381,8
55382,1
55383,3
55392,4
55395,4
55398,8
55401,8
55404,8
55406,8
55416,2
55417,7
55420,8
55439,2
55442,7
55445,8
55452,1
55453,8
55455,8
55458,8
55461,7
55475,6
55478,5
55484,8
55488,8
55490,7
55491,4
55493,1
55499,3
55501,6
55502,5
55513,4
55525,4
55529,5
55531,4
55545,4
55551,5
55562,7
55569,8
55577,8
55580,1
55586,2
55593,4
55596,5
55599,7
55601,5
55602,8
55604,8
55608,6
55610,6
55611,8
55616,6
55618,8
55622,7
55623,8
55625,6
55636,8
55643,8
55650,2
55657,7
55658,4
55661,2
55665,7
55668,3
55673,1
55675,5
55677,8
55678,8
55688,4
55692,4
55695,7
55701,7
55703,6
55704,7
55706,5
55707,8
55709,6
55710,8
55713,6
55717,7
55725,3
55731,8
55735,6
55742,8
55744,8
55745,7
55746,8
55747,8
55748,8
55753,1
55754,7
55759,7
55763,8
55771,7
55776,8
55780,8
55784,7
55785,7
55790,5
55791,7
55792,8
55798,3
55800,7
55801,4
55806,7
55808,3
55810,7
55812,8
55818,7
55823,5
55834,8
55835,4
55838,3
55842,8
55843,8
55850,7
55853,8
55854,4
55855,7
55856,3
55857,8
55859,1
55860,4
55863,8
55865,7
55867,4
55872,7
55877,8
55879,3
55880,7
55884,2
55891,8
55892,6
55893,8
55906,1
55911,3
55912,4
55921,7
55929,8
55930,5
55931,8
55932,8
55942,8
55943,8
55944,7
55948,7
55951,5
55954,8
55957,6
55967,3
55968,7
55969,2
55976,4
55978,2
55982,3
55988,8
55993,7
55997,1
56001,8
56003,8
56004,7
56012,8
56015,1
56020,4
56022,8
56025,5
56026,5
56030,2
56035,1
56036,8
56044,7
56048,1
56050,3
56052,8
56053,7
56055,8
56057,7
56058,8
56064,8
56067,8
56068,8
56089,7
56091,5
56096,4
56104,8
56107,6
56111,5
56115,8
56118,7
56120,8
56126,8
56128,4
56130,7
56132,7
56133,1
56138,4
56146,7
56151,8
56155,1
56158,2
56159,8
56160,2
56161,1
56162,8
56164,7
56165,8
56168,8
56171,8
56176,8
56182,4
56183,8
56185,5
56186,8
56188,8
56189,6
56199,6
56201,3
56202,2
56207,2
56216,1
56218,4
56224,2
56227,4
56230,5
56233,8
56236,8
56238,7
56241,8
56242,5
56248,7
56253,7
56254,8
56257,8
56259,8
56260,8
56262,7
56264,5
56266,7
56268,8
56271,2
56278,7
56280,8
56281,8
56284,1
56285,2
56286,3
56287,6
56288,2
56289,7
56290,8
56300,8
56304,1
56311,8
56316,8
56328,7
56330,8
56332,8
56339,2
56343,4
56347,8
56348,5
56349,5
56354,6
56357,7
56368,6
56370,3
56371,8
56387,2
56392,4
56395,1
56397,5
56399,7
56404,1
56408,2
56410,7
56420,8
56423,8
56424,8
56428,5
56431,7
56433,5
56441,4
56442,7
56443,2
56447,7
56450,8
56451,7
56454,5
56457,1
56459,8
56461,8
56462,1
56463,7
56471,4
56480,2
56485,8
56489,6
56496,4
56497,5
56501,4
56512,4
56520,7
56522,8
56523,6
56527,8
56528,8
56529,4
56542,8
56543,6
56544,8
56545,7
56557,2
56561,1
56565,1
56567,2
56570,8
56577,8
56579,5
56581,8
56582,4
56586,3
56593,3
56594,2
56601,6
56604,2
56605,8
56611,7
56614,2
56619,7
56620,2
56624,4
56626,4
56627,5
56631,4
56632,7
56639,8
56642,2
56649,2
56658,6
56661,2
56662,8
56664,6
56665,8
56668,1
56680,7
56682,8
56684,5
56685,7
56686,5
56688,6
56692,6
56702,6
56709,6
56711,8
56712,2
56719,8
56722,5
56723,4
56724,3
56725,1
56731,2
56735,8
56750,5
56755,7
56762,3
56765,6
56767,3
56770,8
56771,7
56772,7
56773,4
56775,6
56785,7
56786,7
56788,8
56790,1
56793,1
56795,8
56797,7
56804,8
56809,8
56810,2
56819,8
56822,8
56823,8
56829,4
56833,2
56836,4
56842,2
56845,2
56846,8
56851,7
56853,8
56854,8
56857,7
56859,3
56866,5
56867,8
56868,2
56869,8
56872,7
56877,8
56880,8
56892,7
56899,6
56900,8
56910,8
56911,2
56915,3
56916,4
56918,8
56925,8
56929,1
56931,6
56932,8
56937,1
56945,1
56947,6
56948,3
56950,4
56954,4
56956,5
56959,2
56963,8
56965,6
56973,2
56975,8
56976,7
56977,4
56991,2
56995,1
57000,1
57004,1
57007,4
57011,8
57017,3
57018,8
57028,6
57038,7
57044,4
57050,8
57057,7
57058,8
57061,5
57064,7
57066,2
57069,8
57071,6
57072,5
57078,7
57080,7
57084,8
57091,8
57092,7
57095,5
57097,4
57108,6
57110,8
57112,7
57114,5
57116,8
57117,2
57118,8
57123,4
57124,8
57125,2
57126,2
57128,6
57130,2
57139,5
57140,8
57143,4
57149,7
57156,2
57157,7
57162,2
57163,2
57169,5
57170,7
57173,7
57177,8
57178,5
57184,4
57188,2
57193,4
57198,5
57201,8
57202,8
57218,1
57234,5
57243,7
57244,8
57246,8
57248,3
57256,8
57258,7
57279,2
57283,5
57293,7
57297,2
57312,8
57316,7
57319,7
57322,3
57323,1
57327,1
57332,7
57344,7
57345,8
57347,7
57352,8
57353,7
57356,3
57363,4
57366,4
57368,2
57369,7
57377,1
57379,7
57381,7
57388,7
57390,8
57399,1
57403,4
57405,3
57406,2
57411,7
57416,6
57422,7
57431,2
57435,2
57440,8
57442,7
57446,2
57450,8
57452,8
57453,2
57455,7
57458,1
57465,8
57468,8
57471,6
57474,2
57483,1
57485,1
57488,7
57489,2
57494,1
57497,8
57498,1
57500,4
57504,5
57510,7
57512,1
57515,7
57517,8
57519,8
57529,7
57530,7
57549,5
57552,8
57556,7
57559,6
57560,5
57562,7
57566,8
57577,7
57578,7
57579,8
57584,5
57588,2
57591,5
57592,5
57601,5
57603,8
57605,8
57606,7
57608,8
57611,7
57615,1
57618,7
57623,2
57627,4
57629,5
57630,6
57632,8
57635,2
57641,8
57642,7
57643,8
57645,4
57646,7
57653,6
57656,8
57669,6
57672,8
57675,8
57681,8
57692,8
57698,8
57699,8
57702,8
57703,2
57704,7
57706,5
57713,3
57714,1
57723,1
57725,7
57730,5
57737,8
57744,4
57745,3
57747,1
57750,7
57751,5
57752,7
57755,7
57760,7
57761,8
57764,2
57769,4
57770,7
57772,1
57774,7
57775,7
57776,4
57792,3
57795,6
57798,7
57799,7
57800,5
57801,5
57803,5
57811,8
57812,4
57813,3
57816,5
57822,8
57825,8
57828,1
57833,8
57838,1
57850,7
57854,8
57859,2
57869,5
57873,4
57878,7
57889,3
57891,7
57896,1
57898,8
57900,2
57904,8
57905,1
57914,1
57918,3
57921,8
57927,7
57930,2
57938,8
57939,8
57951,7
57958,4
57962,3
57963,7
57966,7
57975,8
57976,6
57982,8
57986,7
57987,8
57989,7
57993,7
57994,4
58003,8
58012,1
58016,2
58022,2
58026,8
58030,8
58037,6
58039,8
58045,3
58048,5
58051,8
58052,8
58054,8
58057,8
58058,7
58059,6
58060,8
58064,8
58074,2
58077,2
58083,7
58086,5
58090,2
58094,8
58101,8
58103,2
58104,8
58111,7
58112,8
58116,8
58117,7
58118,6
58124,8
58132,8
58136,8
58137,7
58142,3
58151,1
58156,2
58160,4
58162,8
58166,8
58170,1
58172,8
58176,3
58180,5
58185,8
58189,1
58192,1
58194,7
58196,4
58197,2
58198,6
58200,8
58202,8
58203,6
58217,8
58218,2
58219,6
58228,7
58238,3
58239,7
58241,2
58243,2
58251,8
58263,8
58264,7
58265,7
58266,7
58267,1
58270,7
58282,5
58283,7
58284,5
58285,4
58287,4
58291,2
58293,8
58294,1
58297,1
58300,2
58302,5
58304,4
58307,8
58308,5
58309,6
58312,8
58313,8
58314,7
58316,8
58322,8
58324,8
58325,8
58326,4
58328,6
58333,1
58334,4
58335,8
58338,8
58348,6
58351,5
58353,7
58354,2
58355,4
58357,8
58364,8
58368,4
58369,8
58380,8
58386,3
58389,8
58399,8
58401,7
58402,1
58407,8
58410,8
58411,5
58415,3
58416,4
58421,2
58433,5
58435,6
58436,8
58443,1
58446,5
58450,8
58451,7
58467,5
58469,7
58472,1
58485,4
58486,7
58487,8
58497,2
58507,4
58515,2
58526,5
58531,8
58533,8
58541,1
58542,6
58549,8
58551,8
58556,8
58557,6
58560,8
58565,8
58571,7
58576,7
58581,5
58583,8
58589,4
58591,5
58598,5
58605,7
58609,7
58611,7
58614,8
58615,8
58624,4
58628,8
58629,6
58633,8
58634,2
58641,7
58646,7
58649,2
58650,7
58654,7
58655,1
58658,8
58660,8
58664,7
58669,4
58672,1
58678,6
58680,8
58682,8
58683,2
58690,7
58693,7
58698,5
58702,8
58703,7
58705,8
58707,1
58709,6
58721,8
58723,6
58728,2
58729,3
58730,1
58731,7
58732,5
58733,7
58736,3
58739,7
58750,6
58752,8
58754,1
58756,2
58765,8
58774,8
58777,8
58780,6
58790,4
58795,6
58801,8
58802,3
58806,3
58810,8
58812,4
58814,1
58817,5
58818,3
58828,6
58841,7
58843,2
58845,3
58848,8
58854,6
58858,8
58861,6
58863,8
58864,3
58866,8
58879,7
58882,7
58892,2
58894,6
58899,1
58904,8
58906,3
58921,5
58925,1
58928,5
58934,6
58940,7
58943,5
58947,8
58952,7
58953,8
58955,8
58956,1
58965,7
58966,1
58969,8
58986,4
58992,6
59002,7
59006,8
59009,3
59010,7
59012,4
59016,8
59021,1
59029,8
59030,1
59034,8
59039,2
59040,4
59042,6
59045,8
59050,4
59052,4
59062,8
59063,4
59069,8
59071,7
59073,8
59081,8
59082,1
59084,4
59091,8
59092,1
59094,8
59098,7
59099,8
59103,7
59112,7
59114,8
59115,2
59122,7
59123,1
59124,5
59127,8
59128,4
59131,5
59132,3
59135,8
59147,7
59154,1
59163,3
59164,1
59173,8
59182,8
59186,8
59188,4
59189,2
59195,4
59198,7
59200,2
59203,8
59204,8
59209,8
59217,2
59227,4
59231,5
59233,8
59234,1
59241,2
59242,6
59244,7
59246,6
59252,4
59254,2
59256,6
59258,8
59260,4
59266,2
59268,4
59273,7
59276,4
59277,3
59290,5
59298,5
59299,8
59301,8
59302,8
59308,7
59309,2
59310,6
59313,8
59315,7
59323,8
59328,8
59340,8
59343,1
59346,5
59350,6
59358,7
59359,8
59362,5
59363,2
59371,5
59376,8
59378,5
59383,2
59385,5
59388,1
59400,2
59401,7
59405,8
59406,7
59410,6
59411,8
59413,5
59420,6
59421,8
59423,8
59432,7
59435,5
59438,3
59444,7
59445,8
59446,4
59448,7
59450,6
59453,8
59455,8
59459,5
59463,4
59464,8
59466,2
59475,8
59478,8
59483,4
59484,4
59485,7
59490,5
59493,8
59499,7
59501,8
59508,7
59517,4
59523,8
59524,4
59525,8
59531,6
59534,8
59537,8
59541,3
59551,8
59552,7
59554,5
59555,8
59557,5
59558,6
59559,6
59560,4
59568,1
59570,7
59571,3
59572,7
59587,8
59591,1
59592,8
59593,3
59601,2
59605,7
59607,4
59608,5
59610,8
59613,8
59614,6
59618,8
59620,8
59621,4
59627,6
59629,7
59636,5
59645,4
59650,8
59653,4
59655,1
59656,5
59660,7
59670,4
59671,7
59676,8
59684,4
59687,1
59690,8
59694,5
59695,8
59696,7
59702,2
59705,7
59708,2
59710,3
59716,8
59722,2
59723,6
59725,8
59729,8
59739,5
59741,7
59745,7
59746,6
59747,7
59749,7
59751,1
59754,2
59758,4
59764,2
59765,3
59768,8
59770,7
59773,5
59775,8
59776,8
59778,6
59782,6
59785,7
59787,8
59788,7
59790,4
59793,7
59795,8
59798,6
59800,1
59805,8
59817,8
59821,8
59825,7
59829,8
59833,7
59835,7
59836,8
59838,4
59846,4
59851,5
59852,6
59859,5
59862,7
59866,7
59869,7
59874,7
59881,5
59887,1
59888,1
59890,6
59899,3
59908,8
59910,7
59916,8
59924,7
59926,1
59934,8
59940,3
59941,8
59951,7
59952,8
59966,7
59969,7
59973,7
59983,7
59986,3
59988,5
59992,2
60001,4
60006,8
60009,2
60010,5
60016,6
60021,2
60023,8
60024,8
60025,8
60032,1
60033,8
60041,4
60044,8
60046,2
60047,6
60048,4
60049,5
60052,7
60056,8
60061,1
60064,8
60069,3
60072,8
60073,1
60074,6
60079,3
60080,6
60084,8
60094,8
60098,1
60102,8
60108,7
60112,8
60116,8
60117,7
60121,8
60124,5
60126,8
60128,7
60138,8
60139,5
60140,7
60143,4
60147,5
60149,7
60153,6
60157,1
60162,6
60163,6
60166,8
60185,8
60197,6
60200,5
60201,1
60202,6
60204,5
60205,5
60207,8
60219,3
60223,5
60227,8
60230,5
60238,1
60245,8
60257,7
60261,5
60263,7
60266,8
60270,8
60271,4
60278,7
60282,8
60285,8
60289,8
60291,2
60292,6
60295,1
60300,4
60302,8
60305,6
60309,8
60311,2
60314,7
60322,5
60326,7
60328,1
60329,2
60331,8
60332,8
60333,5
60338,7
60344,8
60347,5
60355,7
60356,6
60358,2
60359,7
60360,8
60361,3
60363,8
60365,2
60368,8
60371,7
60373,7
60377,2
60380,7
60381,5
60382,7
60389,8
60392,8
60393,1
60395,8
60399,8
60403,2
60410,7
60411,5
60413,8
60419,8
60421,7
60424,8
60432,3
60436,5
60437,7
60446,7
60450,8
60454,6
60461,4
60462,8
60464,8
60465,3
60469,1
60473,8
60474,7
60484,8
60485,2
60493,5
60494,5
60495,1
60497,6
60498,7
60499,7
60500,2
60501,8
60509,8
60513,2
60514,2
60516,8
60517,7
60521,8
60525,5
60530,5
60532,4
60537,8
60539,8
60540,1
60546,8
60549,8
60552,2
60553,8
60559,1
60564,7
60568,8
60581,8
60587,4
60588,8
60589,2
60596,4
60597,8
60600,2
60609,8
60615,4
60621,7
60627,6
60646,1
60647,7
60649,4
60654,3
60656,8
60660,8
60662,1
60666,8
60667,2
60673,5
60682,7
60689,5
60697,8
60699,8
60700,8
60706,7
60709,8
60710,8
60720,8
60721,5
60723,5
60728,8
60735,8
60738,8
60739,7
60742,8
60743,6
60746,8
60747,7
60748,8
60752,7
60756,6
60758,7
60759,8
60760,8
60761,2
60773,8
60775,7
60778,8
60779,3
60780,6
60786,1
60798,7
60802,3
60803,1
60810,8
60816,3
60824,3
60828,7
60829,8
60831,5
60834,5
60842,1
60843,1
60849,8
60859,5
60863,8
60864,2
60867,8
60869,6
60871,7
60872,7
60877,8
60878,8
60883,1
60886,7
60888,3
60892,5
60893,8
60894,5
60896,7
60900,4
60912,4
60913,3
60921,8
60926,1
60928,3
60935,7
60938,8
60944,1
60945,5
60946,3
60947,7
60949,4
60957,5
60960,7
60961,7
60967,8
60975,6
60983,2
60989,3
60992,6
60994,7
60999,7
61000,7
61002,7
61010,7
61014,6
61018,8
61020,5
61021,5
61025,8
61027,7
61028,1
61031,5
61033,8
61036,5
61037,2
61040,6
61044,4
61050,7
61051,8
61052,7
61053,8
61060,2
61065,8
61066,5
61072,7
61074,2
61077,2
61081,8
61082,7
61091,7
61092,5
61094,3
61095,2
61099,3
61107,8
61115,4
61123,1
61140,8
61142,4
61147,8
61154,4
61156,8
61159,7
61161,8
61166,6
61174,6
61175,6
61181,7
61183,4
61184,7
61190,2
61194,8
61196,6
61198,8
61200,5
61204,2
61219,1
61220,8
61221,7
61224,4
61227,5
61229,8
61230,8
61234,1
61235,2
61242,8
61243,4
61244,8
61246,8
61248,4
61258,4
61264,2
61274,4
61277,1
61280,3
61300,6
61306,7
61308,8
61312,8
61315,8
61319,8
61330,2
61338,8
61339,8
61347,8
61348,8
61349,8
61357,8
61358,7
61373,8
61374,1
61376,6
61378,7
61380,8
61385,8
61388,7
61397,7
61398,8
61409,5
61420,3
61424,4
61436,1
61437,7
61440,6
61443,7
61445,5
61446,8
61448,8
61450,4
61455,1
61456,8
61462,8
61463,8
61464,8
61472,8
61479,7
61485,5
61506,1
61507,7
61510,7
61511,7
61517,3
61519,2
61522,4
61523,8
61524,1
61534,4
61535,6
61542,5
61546,8
61548,8
61551,5
61555,6
61557,2
61560,8
61563,7
61567,8
61568,6
61569,6
61570,8
61576,2
61579,4
61580,8
61581,8
61583,5
61585,2
61586,3
61588,8
61606,6
61608,7
61612,5
61614,7
61618,2
61621,1
61628,1
61634,8
61638,2
61640,3
61646,8
61652,5
61653,7
61660,7
61665,1
61666,1
61669,7
61676,3
61693,2
61695,1
61696,3
61699,2
61700,2
61702,7
61716,5
61721,7
61725,2
61729,5
61733,8
61739,2
61740,5
61741,8
61743,8
61748,5
61749,1
61750,4
61753,8
61755,2
61757,3
61758,1
61762,5
61764,6
61765,4
61766,2
61769,8
61771,1
61775,8
61776,8
61779,8
61781,7
61792,8
61793,2
61795,5
61797,2
61799,7
61801,6
61810,1
61811,8
61814,8
61815,7
61816,8
61817,5
61818,1
61821,7
61825,1
61827,8
61833,8
61834,6
61839,8
61848,2
61850,4
61852,8
61858,7
61862,5
61874,5
61881,5
61897,8
61902,7
61904,5
61906,8
61912,2
61915,2
61917,7
61925,4
61926,7
61929,7
61932,7
61933,7
61934,4
61945,6
61947,7
61948,1
61952,6
61960,6
61963,7
61966,7
61969,2
61970,4
61971,7
61972,5
61974,5
61979,8
61985,5
61987,8
61989,8
61992,5
61998,4
61999,8
62003,4
62004,7
62005,8
62010,5
62012,3
62014,8
62018,8
62024,7
62030,1
62032,4
62034,8
62049,8
62052,6
62054,1
62055,8
62057,1
62059,5
62061,6
62065,2
62066,4
62067,1
62069,2
62077,8
62078,8
62087,4
62089,5
62091,3
62096,5
62102,8
62103,8
62104,8
62106,2
62107,7
62109,5
62110,2
62113,8
62114,3
62119,3
62120,8
62122,8
62123,8
62124,7
62125,7
62127,2
62142,1
62145,5
62148,8
62155,8
62158,7
62162,2
62165,5
62168,5
62172,8
62174,6
62178,8
62181,8
62193,8
62198,1
62209,6
62211,3
62212,8
62223,7
62233,8
62242,7
62244,3
62247,8
62248,7
62252,8
62254,7
62258,8
62265,7
62270,1
62271,3
62274,4
62283,8
62290,4
62293,7
62295,6
62297,8
62301,7
62304,1
62309,1
62312,6
62313,7
62319,7
62321,2
62330,8
62336,5
62337,5
62339,8
62343,1
62346,7
62350,4
62351,2
62353,7
62368,8
62370,5
62375,6
62381,1
62386,4
62389,8
62396,6
62400,7
62403,8
62408,6
62412,8
62413,7
62419,4
62427,7
62435,5
62436,7
62440,2
62443,4
62449,8
62451,8
62457,8
62458,8
62459,7
62460,2
62461,7
62462,4
62474,3
62478,1
62481,8
62484,2
62487,8
62492,8
62494,8
62495,8
62496,6
62505,5
62507,8
62511,4
62514,8
62518,1
62519,2
62521,2
62530,5
62531,6
62534,7
62539,1
62542,8
62544,8
62546,8
62547,8
62551,2
62555,4
62556,8
62557,8
62566,6
62567,1
62568,5
62572,5
62574,7
62575,2
62576,8
62577,2
62579,8
62580,8
62582,3
62584,2
62587,8
62594,8
62596,2
62597,6
62598,4
62604,7
62606,7
62607,8
62608,8
62612,8
62613,2
62614,4
62615,8
62623,8
62625,8
62626,6
62627,8
62628,8
62630,1
62631,8
62634,2
62635,8
62638,8
62639,7
62641,8
62645,8
62653,2
62657,4
62659,3
62660,2
62665,7
62668,7
62669,2
62671,7
62676,8
62677,8
62685,6
62689,8
62701,5
62705,1
62706,7
62708,5
62712,3
62716,1
62719,3
62723,8
62729,7
62731,7
62738,1
62741,2
62742,1
62743,7
62748,3
62751,5
62755,1
62756,6
62760,7
62761,2
62768,2
62769,1
62773,1
62780,2
62785,2
62788,7
62795,8
62798,5
62802,8
62803,7
62805,8
62812,3
62825,8
62828,8
62830,4
62832,8
62834,7
62840,1
62843,7
62846,7
62848,8
62851,1
62852,3
62853,8
62858,5
62859,1
62860,4
62862,8
62866,8
62869,8
62874,8
62876,8
62878,1
62883,7
62887,2
62893,1
62894,8
62899,8
62903,8
62909,7
62916,8
62919,3
62932,8
62936,4
62938,8
62940,7
62946,8
62947,1
62956,2
62959,8
62965,2
62968,8
62971,2
62976,8
62989,6
62997,8
62999,8
63002,1
63007,8
63008,7
63030,3
63033,6
63034,4
63039,5
63044,6
63049,3
63051,8
63052,8
63056,8
63057,2
63063,5
63064,7
63066,8
63075,8
63078,8
63084,3
63093,5
63094,6
63095,4
63099,8
63105,8
63107,8
63108,1
63109,4
63113,8
63120,4
63122,6
63123,8
63125,6
63126,3
63135,8
63139,7
63145,7
63146,1
63149,8
63151,7
63160,2
63165,2
63168,7
63170,8
63171,2
63174,6
63177,8
63186,2
63190,1
63191,8
63192,8
63195,8
63198,8
63206,4
63209,4
63214,8
63218,8
63220,7
63221,7
63222,2
63223,8
63224,5
63228,2
63231,5
63235,8
63238,2
63242,2
63246,8
63252,7
63253,7
63259,5
63260,1
63261,7
63262,8
63265,8
63268,8
63269,7
63270,8
63275,8
63276,6
63280,7
63285,5
63291,7
63293,8
63295,8
63298,6
63299,3
63308,7
63309,7
63310,3
63312,2
63319,1
63320,3
63327,3
63328,8
63336,5
63337,7
63338,2
63341,8
63344,7
63356,7
63361,7
63365,5
63367,2
63370,8
63375,7
63376,8
63379,8
63380,8
63386,8
63396,4
63402,5
63405,8
63406,7
63409,5
63413,8
63415,3
63419,8
63423,7
63425,7
63426,7
63427,5
63428,6
63434,7
63436,8
63437,8
63441,2
63442,8
63443,8
63448,8
63449,2
63450,7
63452,4
63458,7
63463,1
63465,2
63471,2
63473,2
63478,6
63482,7
63485,1
63489,7
63491,8
63492,8
63497,8
63498,1
63500,5
63502,7
63505,8
63512,8
63515,1
63519,8
63527,2
63533,4
63543,5
63544,5
63547,8
63553,7
63555,7
63556,8
63557,2
63562,8
63567,5
63568,5
63570,6
63571,5
63574,7
63576,7
63586,2
63590,8
63595,8
63596,6
63600,8
63603,4
63610,7
63617,2
63630,7
63633,8
63641,8
63646,2
63658,4
63663,8
63665,4
63666,8
63667,7
63668,8
63670,8
63674,8
63677,8
63686,6
63689,8
63691,4
63695,4
63710,5
63713,8
63714,6
63715,5
63722,5
63724,1
63725,7
63731,7
63732,8
63734,7
63736,3
63737,4
63739,8
63755,8
63756,8
63763,3
63767,7
63772,6
63781,8
63783,8
63788,2
63797,2
63801,5
63804,5
63807,6
63811,8
63812,1
63815,8
63816,5
63830,1
63834,1
63837,4
63845,1
63847,8
63848,5
63849,7
63855,7
63857,5
63860,2
63869,8
63874,8
63875,4
63878,7
63879,2
63880,7
63890,8
63892,3
63893,7
63897,7
63901,5
63902,7
63912,7
63918,8
63927,6
63930,5
63935,8
63936,3
63939,8
63941,8
63945,8
63960,7
63961,3
63963,5
63970,2
63972,1
63974,7
63989,5
63996,8
63999,1
64006,7
64008,4
64009,8
64017,8
64027,7
64028,4
64033,4
64036,6
64037,6
64041,8
64042,7
64045,8
64050,8
64052,6
64055,3
64058,1
64059,8
64066,8
64070,7
64077,7
64083,8
64084,8
64088,7
64091,8
64093,1
64095,8
64096,2
64098,7
64099,4
64100,1
64102,2
64103,1
64107,7
64110,8
64113,8
64118,2
64127,1
64134,8
64144,7
64147,7
64149,7
64153,1
64157,4
64158,5
64168,7
64169,6
64173,8
64178,8
64181,8
64186,3
64196,5
64197,5
64198,5
64208,8
64209,8
64211,8
64218,8
64219,5
64229,4
64230,2
64243,1
64246,6
64252,6
64257,7
64258,4
64261,5
64265,1
64274,7
64276,8
64279,7
64281,8
64296,2
64297,2
64302,5
64303,7
64307,7
64309,4
64310,8
64312,5
64313,4
64314,1
64322,8
64331,2
64337,5
64341,8
64353,8
64354,8
64357,8
64366,1
64377,1
64379,1
64382,8
64388,4
64394,8
64399,5
64400,8
64403,4
64404,3
64407,1
64412,5
64414,2
64415,6
64418,7
64419,2
64421,1
64426,8
64429,5
64438,6
64440,8
64454,7
64455,5
64459,5
64461,3
64467,6
64471,7
64473,8
64477,7
64479,8
64487,8
64497,6
64498,8
64500,2
64504,1
64507,8
64513,6
64514,8
64518,4
64519,6
64521,8
64524,8
64528,5
64533,8
64534,8
64536,8
64547,7
64549,8
64564,8
64565,7
64569,8
64576,8
64581,8
64582,2
64590,8
64600,6
64602,6
64606,1
64609,8
64610,4
64615,4
64617,7
64618,8
64622,7
64625,4
64627,5
64628,6
64630,5
64648,5
64650,4
64651,8
64653,8
64658,5
64664,4
64670,3
64676,5
64679,6
64686,3
64689,6
64696,5
64705,8
64706,1
64720,8
64722,8
64723,8
64729,8
64739,3
64749,8
64751,7
64757,1
64758,1
64767,8
64768,8
64779,7
64781,5
64782,8
64783,7
64784,7
64785,7
64788,5
64793,8
64796,8
64800,4
64801,1
64802,7
64816,8
64817,7
64823,1
64827,4
64832,2
64841,1
64843,7
64848,6
64849,8
64850,2
64853,2
64857,7
64864,7
64865,6
64866,8
64875,7
64880,3
64881,2
64884,4
64887,4
64893,5
64894,4
64901,1
64902,8
64905,8
64908,7
64918,7
64923,8
64925,8
64932,4
64934,4
64936,5
64938,8
64939,7
64941,5
64944,2
64951,5
64955,4
64957,5
64961,2
64965,5
64966,3
64970,8
64971,8
64975,8
64982,8
64985,1
64986,3
64987,8
64988,8
64997,3
64999,4
65000,7
65002,8
65003,8
65004,6
65008,2
65009,7
65011,7
65028,5
65032,6
65035,1
65036,1
65038,3
65043,4
65047,2
65051,7
65055,7
65061,4
65063,6
65067,5
65068,8
65071,1
65073,4
65074,7
65076,8
65077,8
65082,5
65084,7
65086,8
65087,7
65096,8
65103,3
65105,8
65107,7
65109,7
65111,8
65113,7
65114,8
65117,8
65123,2
65124,8
65131,2
65135,8
65137,2
65143,8
65144,8
65149,5
65151,8
65152,8
65154,6
65157,8
65158,4
65162,8
65168,8
65169,8
65170,8
65172,6
65177,6
65178,6
65180,2
65188,8
65189,8
65191,7
65193,8
65194,8
65197,7
65202,7
65204,8
65220,4
65221,7
65222,5
65225,1
65229,8
65230,7
65231,5
65234,8
65242,2
65250,2
65255,1
65258,5
65269,8
65273,5
65276,8
65288,6
65294,5
65298,6
65303,8
65308,5
65317,7
65319,1
65320,7
65323,3
65324,8
65327,7
65329,7
65331,6
65332,7
65333,5
65336,7
65339,8
65341,8
65342,7
65346,7
65352,2
65356,7
65357,7
65359,7
65360,7
65363,3
65365,1
65374,4
65378,8
65381,8
65391,6
65394,8
65395,4
65400,8
65402,2
65409,7
65411,7
65417,3
65422,4
65423,7
65430,6
65434,3
65437,1
65438,3
65439,3
65441,8
65442,7
65443,7
65452,2
65455,7
65456,8
65459,1
65461,2
65463,4
65465,2
65477,8
65481,8
65482,1
65484,8
65486,7
65488,2
65489,7
65491,6
65495,7
65503,8
65509,4
65510,8
65511,8
65516,7
65519,3
65530,7
65546,6
65549,3
65550,8
65556,8
65559,5
65563,7
65564,8
65568,2
65570,1
65573,1
65582,2
65589,7
65594,7
65596,5
65602,4
65604,7
65615,8
65618,7
65621,8
65626,8
65627,7
65629,8
65631,4
65641,7
65648,8
65651,3
65652,8
65654,2
65664,8
65666,1
65672,5
65675,1
65676,7
65683,8
65686,5
65690,5
65691,8
65699,7
65703,4
65704,2
65705,3
65713,1
65724,7
65725,8
65733,5
65738,7
65739,6
65741,7
65749,8
65751,7
65752,7
65759,8
65765,8
65768,8
65770,4
65772,8
65782,4
65783,7
65789,8
65792,5
65796,8
65807,1
65815,7
65818,6
65819,6
65822,5
65829,1
65830,6
65831,7
65832,8
65837,2
65838,2
65840,7
65842,8
65844,1
65851,8
65856,7
65862,2
65866,7
65868,7
65869,1
65877,7
65880,8
65884,4
65886,7
65888,2
65892,7
65893,8
65897,8
65903,1
65904,8
65906,8
65908,4
65910,4
65914,3
65916,8
65923,5
65936,6
65945,1
65950,6
65953,8
65954,2
65955,8
65957,8
65967,7
65973,8
65976,2
65977,7
65980,7
65985,5
65987,6
65992,5
65997,8
65998,2
66006,5
66007,6
66011,4
66012,8
66014,6
66017,3
66018,1
66019,4
66020,4
66023,8
66024,8
66025,4
66030,3
66033,8
66040,5
66047,4
66050,4
66052,8
66058,5
66062,7
66067,8
66070,2
66074,7
66075,2
66078,8
66082,4
66086,8
66091,7
66096,6
66100,6
66109,6
66112,2
66113,8
66114,8
66118,7
66123,5
66130,5
66141,5
66142,7
66149,8
66151,7
66152,5
66155,2
66162,8
66164,8
66166,1
66167,8
66168,7
66170,8
66173,7
66179,8
66183,8
66188,7
66193,8
66194,8
66195,7
66196,1
66198,1
66205,1
66210,2
66220,4
66221,2
66222,8
66228,7
66231,7
66233,5
66234,1
66235,2
66237,2
66242,5
66245,4
66246,8
66248,7
66251,5
66255,4
66261,2
66262,2
66263,3
66266,1
66279,8
66292,7
66293,8
66295,4
66298,5
66302,3
66303,1
66307,2
66318,8
66319,8
66349,8
66352,3
66357,5
66358,1
66359,7
66360,7
66364,8
66365,5
66368,5
66376,8
66380,8
66384,7
66393,1
66394,5
66404,7
66406,8
66408,4
66409,5
66410,8
66412,8
66428,4
66434,7
66435,4
66442,4
66445,8
66451,6
66453,8
66455,8
66457,8
66461,3
66465,8
66470,7
66474,8
66484,8
66489,6
66492,1
66496,8
66498,4
66504,8
66506,8
66508,8
66514,8
66519,6
66523,8
66527,1
66533,8
66535,8
66539,5
66547,1
66552,8
66560,2
66564,7
66571,4
66574,5
66576,5
66578,2
66579,5
66580,8
66582,8
66586,4
66596,1
66600,8
66604,8
66617,7
66620,8
66622,5
66624,6
66630,8
66631,7
66633,2
66636,1
66639,7
66643,4
66657,1
66658,4
66663,8
66665,8
66666,1
66671,2
66675,8
66679,3
66680,6
66697,7
66704,7
66705,8
66708,4
66734,7
66735,8
66738,2
66741,8
66747,7
66748,7
66749,2
66750,4
66751,8
66754,1
66756,1
66764,7
66766,1
66767,8
66769,6
66771,8
66773,5
66778,7
66782,4
66794,8
66801,8
66808,7
66815,6
66825,7
66829,5
66832,1
66845,6
66848,8
66853,3
66860,4
66866,7
66875,7
66879,8
66882,7
66887,8
66889,8
66896,8
66903,2
66906,5
66911,7
66912,5
66913,2
66914,3
66915,5
66918,7
66924,7
66925,8
66932,7
66936,8
66939,7
66940,7
66944,8
66957,8
66958,3
66961,7
66969,8
66970,8
66973,8
66975,5
66976,5
66980,2
66985,8
66986,8
66992,7
66995,7
66996,4
66999,7
67000,8
67009,8
67011,8
67012,2
67022,8
67026,6
67029,7
67035,7
67046,8
67047,7
67050,8
67053,5
67062,4
67063,8
67065,7
67066,6
67072,5
67076,5
67081,7
67083,8
67085,8
67086,8
67090,7
67097,3
67099,8
67100,4
67102,7
67110,2
67120,7
67121,5
67122,8
67132,1
67144,8
67147,8
67155,8
67161,4
67162,6
67167,2
67169,2
67172,1
67174,2
67177,8
67185,6
67187,8
67197,1
67210,8
67212,8
67215,3
67218,6
67220,2
67222,7
67223,8
67234,6
67239,6
67240,7
67241,7
67246,7
67249,3
67252,4
67253,8
67257,5
67258,2
67261,3
67267,5
67274,8
67280,4
67282,4
67286,5
67288,2
67292,8
67300,8
67301,8
67304,8
67316,8
67320,7
67323,8
67329,7
67330,8
67332,8
67334,8
67335,4
67338,8
67344,5
67346,5
67348,8
67351,6
67352,7
67360,7
67373,2
67374,8
67377,7
67379,5
67380,8
67385,8
67387,2
67397,8
67398,7
67401,8
67404,8
67408,4
67419,8
67430,8
67437,5
67440,6
67444,7
67453,7
67455,8
67465,3
67468,3
67472,7
67478,7
67479,5
67497,2
67507,1
67530,8
67532,6
67537,8
67540,8
67541,8
67550,1
67560,8
67564,2
67570,5
67572,7
67576,1
67585,7
67587,8
67594,8
67597,6
67598,4
67600,7
67601,8
67608,8
67614,6
67615,7
67617,1
67618,5
67620,2
67622,8
67625,4
67628,2
67629,7
67638,8
67641,8
67644,4
67650,1
67652,1
67653,8
67660,8
67661,8
67666,3
67667,6
67669,1
67670,3
67671,2
67682,4
67684,7
67690,7
67701,3
67704,7
67705,7
67714,8
67716,4
67720,2
67723,5
67724,8
67725,5
67727,6
67736,3
67738,1
67741,1
67744,7
67746,5
67748,8
67751,8
67758,5
67769,2
67778,7
67781,7
67797,2
67798,6
67801,3
67803,6
67805,7
67810,2
67811,8
67813,8
67820,8
67823,6
67824,8
67827,5
67834,3
67835,8
67838,5
67839,4
67840,8
67841,8
67843,7
67845,5
67847,8
67853,8
67855,4
67861,8
67862,5
67863,8
67866,5
67868,7
67878,2
67885,6
67887,5
67890,2
67891,6
67896,8
67899,7
67910,8
67914,3
67915,8
67919,3
67922,1
67925,8
67926,1
67929,5
67931,2
67932,3
67933,8
67934,1
67940,1
67941,7
67942,8
67943,8
67945,8
67946,7
67948,8
67956,7
67958,5
67960,7
67963,6
67964,6
67965,5
67966,2
67967,5
67977,2
67983,7
67985,5
68007,7
68009,2
68011,6
68012,7
68017,4
68018,1
68019,6
68022,7
68023,6
68028,8
68033,8
68034,6
68041,7
68044,2
68051,8
68062,4
68065,8
68069,5
68070,2
68074,7
68078,4
68085,5
68087,6
68090,7
68092,7
68099,8
68101,2
68110,2
68112,6
68113,4
68115,5
68125,8
68126,7
68129,8
68136,2
68139,8
68141,8
68146,4
68152,1
68160,8
68161,6
68162,5
68163,7
68168,7
68174,7
68176,8
68186,7
68189,7
68195,7
68196,4
68200,8
68202,7
68207,6
68213,8
68219,8
68221,7
68231,8
68234,7
68235,5
68239,1
68241,7
68244,3
68249,8
68252,8
68260,2
68264,8
68267,6
68273,4
68276,7
68279,7
68281,8
68289,8
68290,8
68294,7
68298,1
68307,5
68311,4
68315,3
68318,3
68320,6
68322,8
68324,8
68327,7
68333,7
68334,8
68336,7
68337,5
68347,2
68356,3
68360,8
68363,7
68364,6
68374,5
68377,4
68380,7
68382,8
68383,3
68386,1
68388,1
68389,8
68396,3
68405,8
68412,1
68422,7
68423,4
68429,2
68437,8
68445,5
68449,4
68455,4
68458,7
68466,1
68469,5
68479,8
68480,7
68485,2
68494,5
68496,8
68499,8
68509,1
68513,7
68521,5
68524,7
68533,2
68536,4
68537,3
68542,8
68544,3
68546,5
68549,8
68556,2
68557,7
68559,8
68562,8
68563,2
68567,8
68571,7
68572,8
68575,8
68576,6
68577,5
68580,7
68581,2
68587,3
68590,7
68597,8
68603,4
68605,7
68611,3
68614,1
68618,8
68630,2
68636,8
68637,1
68639,7
68646,1
68648,2
68653,6
68655,8
68657,8
68676,8
68679,6
68684,7
68701,7
68703,3
68704,5
68711,3
68716,8
68718,2
68723,8
68729,8
68731,8
68732,1
68740,2
68753,3
68754,5
68762,7
68770,4
68771,7
68773,7
68781,4
68782,8
68785,8
68789,7
68791,8
68792,7
68796,8
68808,7
68810,6
68812,7
68820,8
68821,4
68824,7
68825,1
68832,8
68838,5
68839,7
68840,1
68841,8
68848,5
68849,1
68852,7
68854,4
68855,7
68857,5
68858,5
68863,8
68864,8
68865,6
68867,8
68871,8
68874,7
68875,5
68878,8
68881,8
68894,3
68895,1
68902,8
68908,8
68911,8
68914,3
68916,5
68918,3
68919,3
68920,3
68940,5
68947,6
68948,8
68961,2
68962,7
68969,7
68973,7
68976,4
68985,8
68986,8
68987,6
68993,7
68996,8
69004,7
69005,8
69010,8
69011,1
69012,6
69013,5
69015,7
69024,1
69029,8
69030,8
69031,8
69033,7
69037,7
69039,2
69040,4
69045,2
69046,7
69048,6
69052,1
69060,8
69062,7
69064,5
69065,1
69071,1
69078,8
69080,2
69089,7
69094,2
69095,4
69097,2
69100,7
69108,8
69116,6
69119,7
69122,3
69128,7
69130,7
69135,8
69139,8
69143,3
69146,3
69151,8
69161,8
69163,1
69167,5
69168,8
69170,2
69173,7
69181,7
69184,2
69191,7
69194,7
69195,8
69197,8
69201,4
69204,2
69213,4
69217,8
69219,7
69242,4
69251,8
69254,7
69255,7
69268,3
69270,7
69273,8
69279,8
69280,7
69281,6
69289,6
69293,7
69294,2
69295,7
69297,7
69307,5
69308,8
69315,7
69316,8
69319,8
69323,7
69337,7
69338,7
69343,6
69344,8
69346,7
69350,8
69361,4
69368,8
69376,8
69378,8
69379,7
69382,8
69383,4
69384,5
69385,8
69386,8
69392,6
69393,7
69394,5
69402,1
69404,5
69407,1
69408,6
69410,7
69419,7
69422,8
69423,7
69425,7
69430,8
69434,2
69448,7
69452,8
69462,3
69467,4
69476,7
69481,8
69486,8
69488,8
69493,3
69494,7
69495,5
69514,7
69517,6
69518,7
69521,5
69524,6
69526,4
69528,6
69538,5
69539,7
69542,8
69544,8
69546,1
69547,8
69560,7
69565,7
69566,7
69567,8
69571,6
69575,4
69587,6
69590,2
69591,4
69595,7
69596,8
69598,7
69599,7
69603,8
69605,7
69615,7
69617,8
69623,8
69624,7
69636,8
69640,8
69645,1
69649,2
69653,5
69656,3
69661,7
69663,6
69670,4
69674,8
69676,6
69677,7
69684,2
69692,7
69702,4
69704,8
69706,5
69713,8
69715,4
69717,8
69720,1
69722,1
69724,1
69736,7
69738,8
69740,8
69744,8
69748,2
69751,6
69756,8
69758,8
69766,1
69768,8
69769,8
69777,8
69779,8
69781,8
69789,7
69795,8
69809,7
69810,8
69813,8
69814,4
69820,8
69826,8
69827,8
69829,8
69830,2
69832,6
69844,8
69845,7
69847,8
69853,8
69855,4
69861,2
69867,7
69868,8
69870,2
69872,2
69875,2
69879,8
69890,8
69895,5
69900,7
69903,5
69904,7
69905,8
69907,8
69910,5
69912,1
69913,3
69914,8
69915,4
69918,7
69921,7
69925,7
69929,6
69932,3
69933,8
69934,6
69937,6
69938,6
69941,8
69947,1
69954,4
69957,7
69958,5
69975,4
69982,4
69985,8
69990,8
69992,2
69993,7
69996,7
69997,7
70013,1
70015,1
70016,5
70018,1
70024,4
70025,2
70032,8
70034,7
70045,6
70048,3
70051,3
70065,5
70066,2
70070,7
70075,5
70085,5
70093,7
70098,3
70102,4
70104,3
70112,8
70118,3
70123,3
70127,8
70133,8
70137,7
70140,7
70141,6
70146,2
70151,8
70156,8
70161,6
70162,3
70166,1
70180,7
70182,7
70187,6
70192,3
70211,3
70219,4
70220,4
70228,8
70231,5
70234,2
70238,2
70241,1
70247,8
70251,8
70252,7
70256,7
70257,8
70260,1
70265,8
70267,8
70268,8
70269,8
70274,7
70277,6
70283,2
70294,5
70304,8
70306,6
70309,8
70312,8
70313,6
70327,1
70331,4
70333,2
70334,8
70337,6
70341,7
70342,7
70343,2
70345,4
70346,3
70347,4
70348,6
70349,8
70350,8
70353,8
70354,6
70355,2
70356,7
70360,4
70362,8
70364,3
70372,5
70377,7
70378,1
70381,8
70382,3
70384,5
70392,5
70393,8
70400,8
70408,8
70410,5
70414,8
70415,1
70416,4
70418,2
70432,2
70434,8
70437,6
70439,6
70445,1
70448,4
70452,8
70454,8
70456,8
70457,7
70461,7
70468,7
70469,5
70475,4
70481,4
70483,8
70489,4
70490,7
70491,5
70492,7
70496,7
70499,4
70502,8
70506,4
70507,2
70511,7
70512,7
70513,2
70523,2
70528,7
70530,8
70537,4
70540,8
70541,7
70542,5
70545,8
70547,6
70548,8
70555,1
70559,7
70566,2
70570,6
70571,8
70581,4
70582,7
70583,1
70586,6
70587,7
70594,7
70596,8
70606,4
70607,8
70608,6
70614,2
70619,2
70620,5
70625,7
70628,4
70631,8
70640,1
70641,8
70642,5
70643,8
70649,7
70650,6
70652,7
70655,7
70661,8
70664,3
70666,8
70671,1
70688,8
70689,5
70690,8
70696,8
70697,7
70701,2
70709,8
70713,8
70714,7
70715,8
70721,1
70722,8
70726,8
70732,3
70733,7
70737,7
70745,6
70755,8
70758,3
70765,8
70768,4
70770,4
70772,5
70774,7
70777,1
70783,8
70787,3
70795,5
70796,7
70808,2
70810,2
70811,1
70812,6
70814,7
70816,6
70822,8
70830,4
70839,7
70841,6
70844,6
70855,3
70856,5
70861,7
70863,5
70866,5
70869,7
70871,8
70879,2
70880,7
70887,2
70888,6
70901,4
70902,6
70903,8
70911,5
70912,8
70917,7
70919,5
70923,5
70925,8
70942,5
70945,3
70949,8
70951,8
70959,5
70960,8
70966,1
70969,5
70970,8
70975,8
70983,8
70984,7
70995,2
70997,1
70998,8
71004,6
71012,7
71016,8
71021,1
71022,7
71024,6
71025,1
71027,1
71040,5
71047,7
71048,3
71052,7
71057,6
71058,1
71059,2
71065,8
71066,7
71069,5
71077,8
71078,8
71079,7
71082,1
71083,4
71089,8
71093,7
71113,8
71114,8
71116,6
71119,2
71121,1
71124,8
71127,3
71131,7
71137,8
71147,7
71149,3
71151,5
71163,7
71167,7
71173,5
71175,1
71177,4
71178,3
71180,8
71186,8
71189,8
71190,7
71194,7
71202,8
71204,7
71209,7
71211,5
71216,8
71222,7
71223,2
71224,5
71232,7
71235,2
71243,7
71245,2
71248,7
71253,4
71256,4
71267,8
71270,8
71275,8
71281,6
71284,5
71292,8
71296,8
71297,8
71300,5
71301,7
71304,8
71305,1
71308,8
71312,7
71313,6
71319,8
71320,8
71321,7
71324,2
71333,7
71337,6
71339,3
71342,8
71344,5
71346,2
71356,7
71371,7
71372,1
71381,2
71382,2
71384,6
71394,6
71396,2
71407,7
71409,4
71411,8
71414,3
71415,8
71420,8
71425,8
71430,4
71441,5
71449,7
71457,7
71458,6
71460,2
71461,3
71463,5
71465,8
71466,7
71468,7
71470,1
71472,4
71473,8
71477,8
71485,8
71490,7
71494,8
71505,1
71510,8
71513,8
71515,8
71520,2
71527,8
71530,8
71533,8
71534,4
71537,8
71539,8
71550,7
71556,8
71558,5
71574,8
71579,7
71588,3
71589,1
71592,6
71595,6
71599,1
71604,8
71605,8
71606,1
71609,2
71616,8
71617,8
71620,2
71622,5
71625,7
71626,7
71629,3
71634,5
71636,8
71641,7
71644,8
71648,8
71651,5
71653,7
71654,4
71657,8
71660,7
71661,8
71662,4
71664,6
71665,7
71671,2
71674,3
71687,3
71689,8
71690,4
71691,7
71692,7
71697,8
71704,7
71707,1
71709,2
71710,5
71712,5
71719,8
71723,5
71726,7
71727,4
71731,7
71733,7
71744,3
71746,6
71749,2
71753,8
71754,6
71755,1
71759,8
71760,8
71772,1
71773,8
71775,8
71778,8
71779,8
71782,2
71790,5
71793,8
71797,1
71798,4
71799,8
71818,3
71819,5
71825,7
71831,7
71832,7
71833,1
71836,3
71837,8
71838,5
71844,1
71846,2
71847,8
71852,8
71855,8
71858,8
71862,8
71864,4
71867,2
71877,6
71878,5
71882,8
71885,5
71886,2
71888,7
71890,8
71891,1
71892,5
71897,4
71898,5
71902,5
71911,8
71920,1
71926,5
71928,6
71946,4
71956,4
71958,2
71959,8
71960,6
71968,4
71972,7
71977,1
71982,1
71983,7
71984,7
71997,4
71998,2
72001,8
72004,6
72005,8
72008,8
72015,8
72021,7
72022,7
72025,7
72026,8
72031,2
72037,4
72040,7
72041,8
72043,8
72046,8
72049,8
72053,8
72055,8
72057,8
72068,8
72071,1
72075,3
72084,8
72088,7
72089,2
72094,8
72095,4
72101,5
72105,8
72106,6
72110,5
72111,5
72112,8
72120,2
72121,8
72122,8
72134,6
72143,7
72144,8
72145,2
72146,7
72152,7
72154,2
72159,8
72160,7
72162,6
72164,4
72167,5
72171,6
72176,6
72178,4
72182,8
72186,5
72187,1
72190,3
72194,3
72196,8
72202,2
72206,5
72217,5
72220,1
72221,1
72222,7
72223,8
72225,4
72230,8
72234,8
72236,8
72239,8
72243,4
72244,8
72245,8
72247,1
72249,8
72256,6
72257,4
72258,2
72259,7
72260,8
72263,1
72268,8
72271,7
72276,8
72279,1
72280,7
72284,4
72287,8
72290,2
72310,1
72311,7
72320,5
72321,2
72336,6
72344,8
72346,3
72350,7
72355,2
72357,6
72359,8
72360,8
72366,8
72368,5
72369,6
72374,7
72379,6
72380,7
72385,7
72386,4
72390,2
72391,1
72392,7
72399,4
72401,7
72404,5
72412,3
72420,5
72422,3
72425,5
72429,3
72432,7
72442,6
72445,7
72455,7
72456,4
72457,1
72462,5
72464,7
72469,2
72474,2
72485,7
72489,4
72493,7
72504,8
72505,8
72506,7
72510,5
72515,8
72516,3
72518,2
72519,4
72520,8
72524,8
72536,5
72548,8
72552,8
72554,1
72557,1
72558,4
72559,2
72566,1
72570,6
72571,1
72590,7
72595,4
72608,3
72619,7
72622,8
72623,8
72625,8
72628,7
72629,8
72630,8
72631,4
72633,7
72636,8
72645,8
72647,7
72650,8
72651,8
72657,6
72659,8
72665,2
72667,4
72670,2
72673,3
72674,8
72675,2
72677,7
72683,2
72684,5
72693,8
72706,3
72711,8
72714,6
72716,5
72721,6
72723,7
72725,7
72728,2
72732,8
72734,7
72739,2
72744,8
72747,8
72751,7
72752,6
72757,2
72759,1
72761,8
72770,4
72771,2
72777,5
72780,8
72781,3
72784,7
72791,1
72797,5
72800,8
72823,2
72827,5
72828,8
72830,5
72832,8
72833,4
72843,2
72848,7
72849,5
72850,8
72856,7
72860,1
72863,1
72867,5
72876,5
72879,5
72897,5
72900,8
72902,6
72905,6
72906,7
72908,7
72909,6
72914,8
72915,3
72917,8
72920,7
72922,2
72925,4
72936,1
72938,1
72942,3
72943,8
72947,6
72949,4
72952,2
72956,7
72960,6
72964,5
72969,7
72971,2
72972,6
72975,8
72979,8
72982,2
72985,8
72993,8
72997,2
73000,3
73005,8
73008,7
73018,5
73022,6
73029,7
73032,8
73034,8
73039,5
73042,7
73043,8
73045,8
73047,8
73050,7
73052,1
73053,1
73056,6
73059,5
73060,4
73063,3
73065,5
73069,8
73074,7
73079,2
73081,2
73084,7
73086,4
73087,5
73090,7
73091,8
73092,5
73095,8
73100,3
73101,2
73107,5
73110,6
73111,3
73113,5
73119,3
73120,3
73125,7
73126,7
73130,7
73137,7
73138,5
73140,8
73143,7
73145,2
73148,7
73154,1
73167,4
73169,1
73172,4
73182,4
73183,7
73184,8
73190,8
73191,1
73193,5
73196,8
73201,6
73202,6
73204,8
73215,4
73218,6
73220,8
73221,2
73234,8
73239,6
73241,4
73244,3
73245,6
73248,8
73250,6
73253,1
73254,1
73255,8
73258,8
73259,5
73264,8
73265,5
73275,8
73277,8
73281,8
73282,8
73283,7
73286,5
73287,7
73292,7
73299,7
73302,8
73314,7
73316,8
73322,8
73326,2
73330,8
73331,1
73339,5
73348,8
73349,7
73352,7
73356,3
73364,1
73365,7
73370,7
73371,7
73383,8
73387,6
73389,5
73392,2
73394,6
73401,6
73412,8
73415,5
73417,3
73422,4
73427,7
73440,4
73443,5
73454,3
73457,7
73462,5
73465,5
73472,8
73475,8
73478,8
73485,2
73490,3
73497,8
73499,8
73505,8
73511,2
73517,8
73529,7
73531,8
73533,7
73540,6
73541,6
73550,4
73556,8
73560,8
73568,8
73572,8
73577,6
73584,4
73585,7
73591,8
73595,8
73596,3
73597,7
73599,6
73605,8
73610,4
73611,7
73613,8
73622,7
73628,8
73634,4
73646,8
73649,7
73651,8
73661,2
73662,6
73667,7
73675,8
73677,8
73682,5
73683,7
73684,8
73688,2
73691,7
73696,6
73701,2
73705,8
73709,4
73711,2
73712,8
73718,7
73719,5
73720,8
73722,2
73723,7
73724,5
73725,7
73728,6
73729,4
73730,3
73731,8
73733,8
73735,8
73743,5
73744,4
73750,8
73751,4
73753,1
73754,3
73756,1
73759,7
73761,7
73767,8
73768,8
73771,2
73773,5
73778,8
73781,5
73782,1
73786,1
73793,4
73796,7
73805,2
73807,7
73808,8
73811,2
73816,8
73818,2
73820,7
73827,8
73831,1
73840,4
73841,8
73854,7
73857,8
73860,7
73864,2
73865,5
73868,6
73869,5
73874,8
73876,1
73877,8
73879,7
73881,8
73889,5
73892,7
73893,7
73897,8
73900,7
73901,5
73902,1
73905,7
73909,2
73912,7
73913,3
73915,7
73916,3
73926,7
73928,2
73929,1
73930,8
73931,5
73932,7
73934,7
73941,8
73948,5
73953,7
73954,2
73955,4
73968,2
73970,7
73972,2
73978,8
73979,7
73982,5
73990,2
74000,7
74003,8
74006,8
74013,8
74018,1
74024,8
74032,1
74037,5
74043,2
74044,8
74046,8
74048,6
74051,7
74052,7
74057,7
74058,2
74059,8
74062,2
74065,8
74069,3
74070,3
74073,8
74074,2
74075,2
74081,8
74082,7
74083,7
74089,7
74091,8
74097,8
74114,7
74116,6
74119,5
74123,8
74125,2
74129,3
74131,7
74135,8
74136,5
74139,3
74141,8
74142,8
74153,6
74158,3
74159,7
74161,2
74162,3
74168,5
74175,3
74185,2
74188,5
74192,1
74194,2
74195,1
74196,8
74207,8
74215,1
74222,5
74225,4
74226,7
74228,5
74229,8
74231,6
74240,8
74245,8
74248,8
74249,8
74251,8
74253,5
74254,1
74265,8
74266,4
74271,3
74277,4
74280,8
74281,8
74283,7
74285,8
74287,8
74288,8
74289,5
74295,4
74302,7
74303,8
74304,8
74305,5
74309,3
74321,1
74322,8
74332,1
74333,7
74334,7
74346,4
74351,2
74352,7
74356,1
74357,6
74363,8
74364,8
74367,8
74378,8
74379,7
74380,1
74381,8
74386,8
74387,8
74391,8
74399,8
74405,8
74406,1
74408,2
74419,6
74421,5
74423,8
74424,8
74427,7
74429,4
74436,7
74443,2
74455,8
74456,7
74469,8
74471,6
74475,4
74476,5
74488,7
74491,2
74496,4
74502,7
74504,8
74506,4
74513,4
74515,7
74516,8
74517,8
74522,4
74529,8
74530,2
74537,8
74539,6
74541,8
74544,2
74549,7
74551,6
74555,3
74556,8
74558,2
74560,5
74561,6
74565,8
74569,4
74574,4
74580,8
74586,7
74588,3
74590,4
74597,2
74604,7
74612,8
74615,4
74618,8
74621,5
74623,5
74625,7
74628,8
74631,8
74642,8
74647,6
74648,2
74650,5
74655,6
74662,8
74664,7
74665,3
74667,4
74673,5
74676,6
74678,5
74682,8
74683,5
74684,8
74688,7
74689,7
74691,4
74696,6
74697,7
74700,4
74709,6
74710,6
74712,6
74713,8
74714,6
74715,8
74718,8
74719,5
74720,7
74722,4
74723,8
74731,7
74736,8
74737,8
74738,5
74741,8
74748,4
74750,8
74754,5
74757,6
74758,8
74766,4
74772,2
74778,5
74779,6
74780,8
74781,8
74782,8
74783,8
74793,4
74795,7
74799,2
74800,7
74808,7
74811,4
74813,1
74818,7
74830,7
74839,5
74840,5
74850,7
74851,5
74852,8
74853,3
74854,4
74861,6
74862,8
74866,8
74868,1
74871,8
74874,8
74879,4
74887,5
74888,7
74890,7
74893,5
74894,2
74895,6
74896,2
74897,2
74902,2
74906,5
74908,6
74910,8
74912,5
74921,8
74928,7
74936,1
74938,8
74964,8
74969,2
74971,3
74975,6
74985,8
74998,8
75001,8
75002,8
75003,7
75004,2
75006,3
75009,7
75012,6
75013,2
75014,1
75017,8
75021,1
75022,8
75032,7
75034,8
75042,8
75045,8
75057,6
75061,4
75065,2
75066,6
75070,5
75074,4
75076,3
75081,5
75086,5
75088,4
75093,8
75098,7
75101,6
75102,6
75103,7
75104,4
75114,6
75116,3
75121,8
75122,8
75130,4
75133,3
75134,4
75135,5
75136,4
75137,6
75144,4
75151,8
75152,7
75157,8
75160,6
75164,8
75165,1
75166,7
75169,2
75175,7
75180,5
75181,8
75183,7
75185,8
75189,7
75190,2
75191,6
75202,8
75208,7
75211,4
75213,3
75218,8
75219,2
75232,4
75234,8
75236,4
75241,7
75246,8
75255,8
75261,3
75272,4
75280,5
75282,7
75285,8
75292,2
75298,7
75299,8
75301,8
75303,8
75310,8
75312,6
75327,8
75332,7
75334,5
75336,7
75337,8
75338,3
75344,7
75348,8
75349,8
75353,8
75354,2
75358,8
75359,8
75361,6
75367,5
75375,7
75384,8
75392,8
75393,6
75396,4
75401,5
75402,8
75404,3
75409,2
75419,8
75423,1
75428,6
75436,4
75437,8
75439,8
75440,6
75443,8
75446,8
75452,4
75460,7
75463,2
75468,7
75469,8
75474,3
75477,1
75478,3
75485,6
75486,2
75488,7
75495,4
75497,2
75499,7
75500,1
75528,7
75529,8
75530,3
75531,8
75534,6
75537,2
75538,1
75541,8
75542,8
75543,5
75547,8
75549,7
75552,8
75554,3
75555,6
75557,8
75562,1
75563,8
75566,8
75568,8
75569,2
75579,6
75580,8
75583,7
75585,8
75589,8
75592,3
75613,1
75615,7
75618,6
75619,7
75621,8
75632,5
75637,7
75638,8
75643,3
75650,8
75654,5
75656,1
75663,1
75668,4
75669,7
75672,8
75677,3
75678,8
75686,8
75694,6
75699,7
75707,4
75715,8
75718,8
75719,1
75723,8
75725,4
75730,8
75732,8
75744,8
75747,2
75761,8
75772,1
75777,8
75780,4
75781,7
75790,8
75792,8
75799,1
75801,8
75802,1
75804,8
75809,7
75810,3
75815,8
75816,4
75819,8
75825,8
75827,2
75831,7
75833,8
75834,2
75838,5
75840,4
75842,6
75844,8
75846,8
75849,2
75853,5
75860,4
75863,7
75865,8
75868,8
75890,5
75891,2
75895,7
75896,5
75901,1
75903,4
75910,7
75911,7
75916,8
75923,1
75924,8
75925,2
75927,8
75935,2
75937,5
75939,7
75940,5
75942,8
75943,7
75946,5
75952,7
75954,7
75958,1
75963,8
75964,6
75966,6
75967,7
75969,5
75976,8
75983,6
75987,2
75992,8
76012,3
76018,7
76019,2
76024,7
76027,8
76029,5
76030,7
76032,7
76035,1
76045,8
76053,6
76058,8
76073,4
76076,2
76077,8
76090,6
76091,7
76092,1
76095,6
76097,8
76098,1
76102,8
76103,7
76105,7
76108,7
76110,2
76116,1
76117,8
76118,8
76122,7
76127,4
76141,7
76145,5
76150,2
76152,6
76153,7
76157,7
76164,8
76170,8
76175,8
76183,7
76188,2
76189,4
76191,8
76192,6
76195,4
76211,5
76212,8
76217,7
76219,8
76222,4
76224,8
76229,7
76232,8
76234,7
76235,4
76238,8
76239,2
76241,8
76242,8
76245,8
76247,8
76252,6
76259,2
76260,7
76263,2
76266,7
76270,2
76272,4
76306,5
76309,8
76313,7
76315,1
76316,2
76317,7
76325,6
76326,7
76328,8
76333,4
76336,8
76343,8
76357,5
76363,3
76364,2
76371,8
76372,8
76373,2
76378,7
76383,7
76395,8
76397,7
76402,4
76411,7
76423,8
76429,8
76430,5
76435,2
76437,7
76438,2
76440,8
76442,8
76445,8
76453,8
76456,4
76460,8
76473,8
76475,8
76482,8
76483,4
76484,6
76490,2
76492,6
76495,8
76498,8
76500,6
76506,8
76509,7
76511,3
76513,8
76515,5
76519,8
76526,4
76530,8
76532,2
76533,5
76539,5
76540,8
76542,1
76543,2
76548,8
76552,7
76553,1
76557,3
76558,5
76559,8
76560,8
76571,8
76572,7
76574,3
76575,8
76576,4
76580,8
76581,4
76583,1
76586,4
76587,8
76588,6
76590,5
76595,5
76598,8
76599,4
76612,8
76613,8
76620,4
76623,8
76629,2
76630,2
76632,4
76633,8
76638,8
76646,7
76650,2
76657,3
76659,3
76663,8
76665,6
76668,7
76669,8
76676,2
76680,3
76681,7
76683,7
76684,1
76693,2
76700,7
76707,5
76709,5
76716,7
76717,5
76718,7
76720,8
76724,7
76726,8
76727,5
76728,8
76729,6
76734,5
76735,4
76738,4
76747,1
76752,7
76753,7
76756,5
76758,8
76759,5
76772,8
76774,1
76779,8
76783,1
76784,8
76789,5
76790,1
76791,2
76796,2
76798,8
76817,5
76819,8
76823,8
76831,8
76843,7
76844,8
76845,7
76846,2
76848,7
76850,8
76860,2
76865,3
76866,6
76878,7
76879,4
76883,8
76891,3
76893,6
76898,4
76900,8
76902,8
76903,7
76919,2
76920,8
76922,8
76927,7
76932,7
76938,6
76939,3
76941,6
76945,6
76946,7
76949,6
76952,8
76956,1
76959,7
76970,1
76981,8
76982,6
76987,2
76989,1
76992,6
76993,7
76994,8
76995,7
76997,1
76999,7
77003,1
77007,2
77010,8
77014,1
77015,1
77017,7
77018,7
77027,6
77029,6
77039,5
77045,4
77048,7
77053,8
77054,3
77055,8
77062,8
77072,7
77074,8
77075,7
77077,7
77078,7
77082,8
77083,6
77093,8
77096,4
77100,7
77101,5
77123,8
77130,4
77131,7
77132,5
77133,2
77136,7
77144,6
77145,7
77146,5
77147,1
77150,4
77152,8
77154,5
77163,2
77172,8
77176,8
77180,8
77185,5
77187,5
77193,1
77194,8
77197,6
77201,8
77207,7
77208,8
77212,3
77213,2
77215,8
77217,1
77221,8
77227,2
77229,3
77231,7
77237,5
77244,8
77245,7
77248,3
77251,8
77253,5
77254,1
77255,7
77259,8
77261,5
77266,6
77269,7
77272,8
77276,1
77280,5
77283,7
77286,5
77291,1
77293,8
77298,1
77299,2
77304,8
77305,8
77306,8
77308,4
77310,8
77312,8
77314,7
77319,4
77320,6
77323,6
77328,7
77329,7
77334,4
77335,7
77338,4
77341,8
77345,1
77348,8
77353,8
77356,4
77357,6
77362,4
77363,7
77365,8
77366,4
77367,7
77368,7
77372,8
77376,4
77383,7
77389,8
77393,7
77400,3
77403,4
77405,8
77406,7
77411,8
77431,1
77433,7
77434,3
77437,2
77441,6
77444,8
77446,8
77448,4
77452,8
77455,6
77456,8
77458,2
77463,4
77470,8
77472,8
77476,2
77481,8
77483,4
77484,8
77486,1
77487,7
77488,6
77489,8
77492,7
77494,4
77495,2
77508,2
77509,2
77511,8
77512,7
77513,7
77515,5
77516,8
77520,7
77522,5
77524,8
77531,7
77543,8
77547,8
77551,8
77552,4
77554,7
77556,4
77565,8
77567,8
77568,7
77572,1
77581,8
77582,6
77588,8
77590,1
77594,8
77595,7
77602,8
77608,4
77612,5
77614,5
77618,2
77624,7
77628,6
77629,7
77635,3
77636,8
77637,3
77638,6
77647,2
77649,3
77650,7
77651,2
77659,5
77663,8
77668,2
77669,1
77670,2
77678,5
77682,6
77684,6
77694,7
77702,8
77704,6
77708,7
77711,6
77713,5
77714,3
77717,7
77720,8
77723,6
77724,6
77726,5
77729,7
77731,7
77734,7
77736,7
77740,8
77741,3
77748,8
77749,4
77750,7
77751,4
77759,8
77771,7
77775,3
77779,8
77783,8
77794,3
77795,5
77803,8
77806,8
77809,6
77810,3
77811,8
77815,7
77819,6
77825,4
77830,8
77833,1
77834,1
77837,7
77842,6
77847,7
77849,8
77851,8
77852,8
77855,6
77861,1
77862,5
77863,7
77865,8
77866,2
77870,3
77874,5
77879,8
77883,8
77884,1
77889,8
77892,8
77894,8
77895,7
77902,2
77903,5
77904,8
77905,8
77908,5
77909,1
77913,8
77917,2
77921,1
77927,6
77928,1
77942,8
77947,8
77948,8
77949,8
77951,5
77953,2
77959,8
77963,2
77965,1
77971,6
77978,8
77983,8
77986,8
77997,4
77998,8
78002,6
78006,7
78012,8
78016,7
78021,3
78024,8
78026,8
78033,6
78034,1
78040,8
78043,7
78055,7
78059,8
78060,7
78063,7
78070,8
78072,8
78079,8
78093,5
78094,7
78096,2
78097,3
78101,1
78111,6
78113,3
78118,6
78120,7
78124,7
78133,8
78136,7
78138,1
78144,6
78145,7
78147,1
78148,7
78150,4
78152,8
78155,5
78157,7
78159,7
78160,8
78161,7
78166,8
78167,7
78170,5
78177,7
78183,4
78192,4
78193,7
78197,5
78203,2
78204,5
78205,2
78208,8
78210,1
78217,5
78219,5
78220,8
78221,1
78225,3
78228,7
78234,2
78235,8
78238,8
78245,5
78246,8
78248,7
78254,7
78256,7
78257,8
78260,7
78262,2
78265,6
78269,7
78286,8
78287,8
78290,7
78291,8
78293,1
78296,2
78300,8
78304,5
78310,5
78316,5
78318,1
78319,7
78321,7
78326,8
78328,1
78332,8
78340,7
78342,2
78343,8
78345,8
78352,6
78353,4
78358,2
78366,3
78376,7
78378,7
78382,8
78383,3
78389,3
78390,4
78394,7
78398,4
78400,5
78406,7
78408,1
78410,7
78411,8
78416,7
78418,8
78423,6
78424,8
78426,5
78429,8
78431,1
78439,8
78444,8
78449,7
78450,8
78452,7
78453,8
78454,7
78456,8
78459,8
78473,6
78482,7
78497,4
78504,2
78510,2
78516,8
78521,8
78522,3
78523,7
78527,8
78531,8
78534,2
78535,4
78537,8
78538,8
78541,8
78543,4
78544,7
78545,7
78551,8
78558,6
78563,8
78564,1
78566,5
78567,8
78577,6
78584,3
78586,7
78587,8
78589,2
78590,8
78595,5
78600,8
78607,2
78612,7
78618,8
78620,6
78625,7
78630,8
78631,6
78638,6
78639,8
78640,1
78641,8
78648,1
78651,8
78652,5
78665,8
78666,7
78667,8
78668,2
78669,7
78672,2
78674,7
78678,5
78682,4
78685,8
78687,4
78698,4
78699,6
78704,8
78707,1
78713,2
78715,8
78717,1
78721,7
78725,8
78726,7
78727,5
78733,8
78735,4
78738,8
78745,5
78749,8
78754,6
78757,8
78758,8
78764,8
78768,8
78777,3
78781,8
78795,1
78796,8
78804,2
78808,7
78809,7
78830,8
78833,8
78836,8
78840,8
78847,5
78848,4
78855,8
78857,5
78867,8
78868,1
78869,3
78881,8
78888,2
78889,7
78896,2
78898,7
78908,8
78909,5
78914,8
78924,7
78925,1
78949,2
78950,8
78952,6
78958,6
78959,7
78975,8
78977,1
78978,4
78986,8
78992,5
79004,7
79007,8
79020,4
79022,4
79027,1
79028,8
79031,7
79035,1
79038,8
79047,4
79048,5
79051,7
79054,3
79060,5
79064,4
79065,4
79067,8
79071,1
79072,1
79073,7
79080,2
79083,1
79084,8
79085,6
79089,8
79093,8
79099,8
79102,4
79125,3
79129,2
